Date,Avg_Magnitude_Forecast,Avg_Magnitude_Lower_CI,Avg_Magnitude_Upper_CI,Date,Meteor_Count_Forecast,Meteor_Count_Lower_CI,Meteor_Count_Upper_CI,Date,Peak_Activity_Forecast,Peak_Activity_Lower_CI,Peak_Activity_Upper_CI
2024-12-24 21:55:00,23096.339722152898,22985.987467616844,23206.69197668895,2024-12-24 21:55:00,153961.44444444444,150011.18339223208,157911.7054966568,2024-12-24 21:55:00,0.4444444444444444,0.42886978325646896,0.4600191056324199
2024-12-25 21:55:00,23098.46277763913,22942.401122635794,23254.52443264247,2024-12-25 21:55:00,153961.44444444444,149250.53870781185,158672.35018107702,2024-12-25 21:55:00,0.4444444444444444,0.4224185461481082,0.46647034274078064
2024-12-26 21:55:00,23100.585833125366,22909.450121539146,23291.721544711585,2024-12-26 21:55:00,153961.44444444444,148596.67946000665,159326.20942888223,2024-12-26 21:55:00,0.4444444444444444,0.4174683379722186,0.47142055091667023
2024-12-27 21:55:00,23102.7088886116,22882.00437953949,23323.41339768371,2024-12-27 21:55:00,153961.44444444444,148014.2792527702,159908.60963611866,2024-12-27 21:55:00,0.4444444444444444,0.41329511949122627,0.47559376939766257
2024-12-28 21:55:00,23104.831944097834,22858.076801484855,23351.587086710813,2024-12-28 21:55:00,153961.44444444444,147484.03413662285,160438.85475226602,2024-12-28 21:55:00,0.4444444444444444,0.4096184402280331,0.4792704486608557
2024-12-29 21:55:00,23106.954999584068,22836.648284005,23377.261715163135,2024-12-29 21:55:00,153961.44444444444,146994.02635919326,160928.86252969562,2024-12-29 21:55:00,0.4444444444444444,0.4062944681099588,0.48259442077893006
2024-12-30 21:55:00,23109.078055070302,22817.1134329526,23401.042677188005,2024-12-30 21:55:00,153961.44444444444,146536.2855065161,161386.60338237276,2024-12-30 21:55:00,0.4444444444444444,0.40323776029050973,0.4856511285983791
2024-12-31 21:55:00,23111.201110556536,22799.07780054986,23423.32442056321,2024-12-31 21:55:00,153961.44444444444,146105.16951720897,161817.7193716799,2024-12-31 21:55:00,0.4444444444444444,0.4003926460293689,0.4884962428595199
2025-01-01 21:55:00,23113.32416604277,22782.267402434605,23444.380929650935,2025-01-01 21:55:00,153961.44444444444,145696.51091711823,162226.37797177065,2025-01-01 21:55:00,0.4444444444444444,0.39772045629870967,0.49116843259017917
2025-01-02 21:55:00,23115.447221529004,22766.48275226042,23464.411690797588,2025-01-02 21:55:00,153961.44444444444,145307.12779378204,162615.76109510683,2025-01-02 21:55:00,0.4444444444444444,0.39519303641499737,0.49369585247389147
2025-01-03 21:55:00,23117.57027701524,22751.573253949347,23483.56730008113,2025-01-03 21:55:00,153961.44444444444,144934.5254147453,162988.36347414358,2025-01-03 21:55:00,0.4444444444444444,0.39278913186651687,0.49609975702237197
2025-01-04 21:55:00,23119.693332501472,22737.42190932903,23501.964755673915,2025-01-04 21:55:00,153961.44444444444,144576.7048291138,163346.18405977509,2025-01-04 21:55:00,0.4444444444444444,0.39049223001200695,0.4983966588768819
2025-01-05 21:55:00,23121.816387987707,22723.935675894907,23519.697100080506,2025-01-05 21:55:00,153961.44444444444,144232.03500057952,163690.85388830936,2025-01-05 21:55:00,0.4444444444444444,0.38828919921477745,0.5005996896741114
2025-01-06 21:55:00,23123.93944347394,22711.03911514195,23536.83977180593,2025-01-06 21:55:00,153961.44444444444,143899.16445404565,164023.72443484323,2025-01-06 21:55:00,0.4444444444444444,0.38616939239432313,0.5027194964945657
2025-01-07 21:55:00,23126.062498960175,22698.67005492559,23553.45494299476,2025-01-07 21:55:00,153961.44444444444,143576.9584637138,164345.9304251751,2025-01-07 21:55:00,0.4444444444444444,0.3841240348297488,0.5047648540591401
2025-01-08 21:55:00,23128.18555444641,22686.776536302186,23569.59457259063,2025-01-08 21:55:00,153961.44444444444,143264.45329913616,164658.4355897527,2025-01-08 21:55:00,0.4444444444444444,0.38214579324937453,0.5067430956395143
2025-01-09 21:55:00,23130.308609932643,22675.314608455443,23585.302611409843,2025-01-09 21:55:00,153961.44444444444,142960.82218742574,164962.06670146313,2025-01-09 21:55:00,0.4444444444444444,0.3802284646157032,0.5086604242731856
2025-01-10 21:55:00,23132.431665418877,22664.246700408865,23600.61663042889,2025-01-10 21:55:00,153961.44444444444,142665.3495209575,165257.53936793137,2025-01-10 21:55:00,0.4444444444444444,0.3783667463156081,0.5105221425732807
2025-01-11 21:55:00,23134.55472090511,22653.54039519057,23615.569046619654,2025-01-11 21:55:00,153961.44444444444,142377.41099321342,165545.47789567546,2025-01-11 21:55:00,0.4444444444444444,0.37655606315098644,0.5123328257379024
2025-01-12 21:55:00,23136.677776391345,22643.167491165386,23630.188061617304,2025-01-12 21:55:00,153961.44444444444,142096.4580779099,165826.43081097899,2025-01-12 21:55:00,0.4444444444444444,0.37479243485903296,0.5140964540298558
2025-01-13 21:55:00,23138.80083187758,22633.10327235707,23644.498391398087,2025-01-13 21:55:00,153961.44444444444,141822.00574420535,166100.88314468352,2025-01-13 21:55:00,0.4444444444444444,0.3730723731285118,0.515816515760377
2025-01-14 21:55:00,23140.923887363813,22623.325933555854,23658.521841171772,2025-01-14 21:55:00,153961.44444444444,141553.62261965688,166369.266269232,2025-01-14 21:55:00,0.4444444444444444,0.371392800461801,0.5174960884270878
2025-01-15 21:55:00,23143.046942850047,22613.816121877404,23672.27776382269,2025-01-15 21:55:00,153961.44444444444,141290.92302997666,166631.9658589122,2025-01-15 21:55:00,0.4444444444444444,0.3697509854724086,0.5191379034164803
2025-01-16 21:55:00,23145.16999833628,22604.55656717815,23685.78342949441,2025-01-16 21:55:00,153961.44444444444,141033.5604956577,166889.32839323118,2025-01-16 21:55:00,0.4444444444444444,0.3681444907233083,0.5207443981655806
2025-01-17 21:55:00,23147.293053822516,22595.53178114224,23699.05432650279,2025-01-17 21:55:00,153961.44444444444,140781.22237225954,167141.66651662934,2025-01-17 21:55:00,0.4444444444444444,0.36657113025731203,0.5223177586315768
2025-01-18 21:55:00,23149.41610930875,22586.727810060445,23712.104408557054,2025-01-18 21:55:00,153961.44444444444,140533.62539774436,167389.26349114452,2025-01-18 21:55:00,0.4444444444444444,0.36502893470529996,0.5238599541835889
2025-01-19 21:55:00,23151.539164794984,22578.132030036322,23724.946299553645,2025-01-19 21:55:00,153961.44444444444,140290.51196601658,167632.3769228723,2025-01-19 21:55:00,0.4444444444444444,0.36351612238245884,0.5253727665064301
2025-01-20 21:55:00,23153.662220281218,22569.732976045816,23737.59146451662,2025-01-20 21:55:00,153961.44444444444,140051.64698694905,167871.24190193982,2025-01-20 21:55:00,0.4444444444444444,0.3620310751624597,0.5268578137264291
2025-01-21 21:55:00,23155.785275767452,22561.52019825194,23750.050353282964,2025-01-21 21:55:00,153961.44444444444,139816.81522387604,168106.07366501284,2025-01-21 21:55:00,0.4444444444444444,0.36057231819830055,0.5283165706905883
2025-01-22 21:55:00,23157.908331253686,22553.484140444194,23762.332522063178,2025-01-22 21:55:00,153961.44444444444,139585.81902270473,168337.06986618415,2025-01-22 21:55:00,0.4444444444444444,0.3591385027657465,0.5297503861231423
2025-01-23 21:55:00,23160.03138673992,22545.616036576124,23774.446736903716,2025-01-23 21:55:00,153961.44444444444,139358.47636446217,168564.4125244267,2025-01-23 21:55:00,0.4444444444444444,0.3577283916610657,0.5311604972278232
2025-01-24 21:55:00,23162.154442226154,22537.907822212805,23786.401062239504,2025-01-24 21:55:00,153961.44444444444,139134.61918669648,168788.2697021924,2025-01-24 21:55:00,0.4444444444444444,0.35634084670309196,0.5325480421857969
2025-01-25 21:55:00,23164.277497712388,22530.35205834331,23798.202937081467,2025-01-25 21:55:00,153961.44444444444,138914.09192971268,169008.7969591762,2025-01-25 21:55:00,0.4444444444444444,0.35497481798042946,0.5339140709084593
2025-01-26 21:55:00,23166.400553198622,22522.94186551116,23809.859240886086,2025-01-26 21:55:00,153961.44444444444,138696.7502718966,169226.13861699228,2025-01-26 21:55:00,0.4444444444444444,0.3536293345548964,0.5352595543339924
2025-01-27 21:55:00,23168.523608684856,22515.670866604636,23821.376350765076,2025-01-27 21:55:00,153961.44444444444,138482.46002490877,169440.4288639801,2025-01-27 21:55:00,0.4444444444444444,0.3523034963871827,0.5365853925017061
2025-01-28 21:55:00,23170.64666417109,22508.53313695476,23832.76019138742,2025-01-28 21:55:00,153961.44444444444,138271.09616472037,169651.7927241685,2025-01-28 21:55:00,0.4444444444444444,0.3509964672938859,0.537892421595003
2025-01-29 21:55:00,23172.769719657324,22501.523160631477,23844.01627868317,2025-01-29 21:55:00,153961.44444444444,138062.5419786183,169860.34691027057,2025-01-29 21:55:00,0.4444444444444444,0.3497074687793345,0.5391814201095544
2025-01-30 21:55:00,23174.89277514356,22494.6357920223,23855.149758264815,2025-01-30 21:55:00,153961.44444444444,137856.68831165362,170066.20057723526,2025-01-30 21:55:00,0.4444444444444444,0.348435774612955,0.5404531142759338
2025-01-31 21:55:00,23177.015830629793,22487.86622193338,23866.165439326207,2025-01-31 21:55:00,153961.44444444444,137653.43289872017,170269.4559901687,2025-01-31 21:55:00,0.4444444444444444,0.34718070604491413,0.5417081828439747
2025-02-01 21:55:00,23179.138886116027,22481.209947578864,23877.06782465319,2025-02-01 21:55:00,153961.44444444444,137452.6797706632,170470.20911822567,2025-02-01 21:55:00,0.4444444444444444,0.345941627570547,0.5429472613183419
2025-02-02 21:55:00,23181.26194160226,22474.662745927086,23887.861137277436,2025-02-02 21:55:00,153961.44444444444,137254.33872462873,170668.55016426014,2025-02-02 21:55:00,0.4444444444444444,0.3447179431685403,0.5441709457203485
2025-02-03 21:55:00,23183.384997088495,22468.22064995562,23898.54934422137,2025-02-03 21:55:00,153961.44444444444,137058.3248503603,170864.56403852857,2025-02-03 21:55:00,0.4444444444444444,0.34350909294967225,0.5453797959392166
2025-02-04 21:55:00,23185.50805257473,22461.87992743642,23909.136177713037,2025-02-04 21:55:00,153961.44444444444,136864.55810538484,171058.33078350403,2025-02-04 21:55:00,0.4444444444444444,0.3423145501626352,0.5465743387262536
2025-02-05 21:55:00,23187.631108060963,22455.637061929185,23919.62515419274,2025-02-05 21:55:00,153961.44444444444,136672.96293305847,171249.9259558304,2025-02-05 21:55:00,0.4444444444444444,0.34113381851151414,0.5477550703773747
2025-02-06 21:55:00,23189.754163547197,22449.48873570826,23930.019591386135,2025-02-06 21:55:00,153961.44444444444,136483.46791830313,171439.42097058575,2025-02-06 21:55:00,0.4444444444444444,0.3399664297461637,0.5489224591427251
2025-02-07 21:55:00,23191.87721903343,22443.431814388074,23940.32262367879,2025-02-07 21:55:00,153961.44444444444,136296.00547658524,171626.88341230364,2025-02-07 21:55:00,0.4444444444444444,0.33881194149230154,0.5500769473965873
2025-02-08 21:55:00,23194.000274519665,22437.463333044932,23950.537215994398,2025-02-08 21:55:00,153961.44444444444,136110.51157229542,171812.37731659345,2025-02-08 21:55:00,0.4444444444444444,0.3376699352927991,0.5512189535960897
2025-02-09 21:55:00,23196.1233300059,22431.580483661015,23960.666176350784,2025-02-09 21:55:00,153961.44444444444,135926.92546320232,171995.96342568655,2025-02-09 21:55:00,0.4444444444444444,0.3365400148355766,0.5523488740533122
2025-02-10 21:55:00,23198.246385492133,22425.780603739746,23970.71216724452,2025-02-10 21:55:00,153961.44444444444,135745.189468089,172177.69942079988,2025-02-10 21:55:00,0.4444444444444444,0.3354218043468233,0.5534670845420655
2025-02-11 21:55:00,23200.369440978367,22420.06116596168,23980.677715995054,2025-02-11 21:55:00,153961.44444444444,135565.2487550524,172357.64013383648,2025-02-11 21:55:00,0.4444444444444444,0.3343149471310736,0.5545739417578152
2025-02-12 21:55:00,23202.4924964646,22414.41976876702,23990.565224162183,2025-02-12 21:55:00,153961.44444444444,135387.05114826333,172535.83774062555,2025-02-12 21:55:00,0.4444444444444444,0.3332191042420604,0.5556697846468284
2025-02-13 21:55:00,23204.615551950836,22408.854127765233,24000.37697613644,2025-02-13 21:55:00,153961.44444444444,135210.5469512568,172712.34193763207,2025-02-13 21:55:00,0.4444444444444444,0.3321339532703053,0.5567549356185835
2025-02-14 21:55:00,23206.73860743707,22403.362067884733,24010.115146989407,2025-02-14 21:55:00,153961.44444444444,135035.68878505685,172887.20010383203,2025-02-14 21:55:00,0.4444444444444444,0.3310591872351551,0.5578297016537337
2025-02-15 21:55:00,23208.861662923304,22397.941516186107,24019.7818096605,2025-02-15 21:55:00,153961.44444444444,134862.43143964093,173060.45744924794,2025-02-15 21:55:00,0.4444444444444444,0.32999451357047227,0.5588943753184166
2025-02-16 21:55:00,23210.984718409538,22392.59049527165,24029.378941547428,2025-02-16 21:55:00,153961.44444444444,134690.7317374254,173232.15715146347,2025-02-16 21:55:00,0.4444444444444444,0.3289396531944823,0.5599492356944066
2025-02-17 21:55:00,23213.107773895772,22387.307117231794,24038.90843055975,2025-02-17 21:55:00,153961.44444444444,134520.548407603,173402.34048128588,2025-02-17 21:55:00,0.4444444444444444,0.32789433965539827,0.5609945492334906
2025-02-18 21:55:00,23215.230829382006,22382.089578075935,24048.372080688077,2025-02-18 21:55:00,153961.44444444444,134351.841970297,173571.04691859186,2025-02-18 21:55:00,0.4444444444444444,0.3268583183454103,0.5620305705434786
2025-02-19 21:55:00,23217.35388486824,22376.9361526011,24057.77161713538,2025-02-19 21:55:00,153961.44444444444,134184.57462961023,173738.31425927865,2025-02-19 21:55:00,0.4444444444444444,0.32583134577647155,0.5630575431124173
2025-02-20 21:55:00,23219.476940354474,22371.84518965714,24067.10869105181,2025-02-20 21:55:00,153961.44444444444,134018.7101747483,173904.17871414058,2025-02-20 21:55:00,0.4444444444444444,0.3248131889120436,0.5640756999768453
2025-02-21 21:55:00,23221.59999584071,22366.81510777154,24076.384883909875,2025-02-21 21:55:00,153961.44444444444,133854.2138884846,174068.67500040427,2025-02-21 21:55:00,0.4444444444444444,0.3238036245496057,0.5650852643392831
2025-02-22 21:55:00,23223.723051326942,22361.84439110115,24085.601711552736,2025-02-22 21:55:00,153961.44444444444,133691.05246231108,174231.8364265778,2025-02-22 21:55:00,0.4444444444444444,0.3228024387492931,0.5660864501395957
2025-02-23 21:55:00,23225.846106813176,22356.931585681323,24094.76062794503,2025-02-23 21:55:00,153961.44444444444,133529.19391768778,174393.6949712011,2025-02-23 21:55:00,0.4444444444444444,0.3218094263045202,0.5670794625843686
2025-02-24 21:55:00,23227.96916229941,22352.075295946306,24103.863028652515,2025-02-24 21:55:00,153961.44444444444,133368.60753286374,174554.28135602514,2025-02-24 21:55:00,0.4444444444444444,0.3208243902508798,0.568064498638009
2025-02-25 21:55:00,23230.092217785645,22347.274181497203,24112.910254074086,2025-02-25 21:55:00,153961.44444444444,133209.263774795,174713.62511409388,2025-02-25 21:55:00,0.4444444444444444,0.31984714140998793,0.5690417474789009
2025-02-26 21:55:00,23232.21527327188,22342.526954096353,24121.903592447405,2025-02-26 21:55:00,153961.44444444444,133051.134235732,174871.75465315688,2025-02-26 21:55:00,0.4444444444444444,0.31887749796528336,0.5700113909236055
2025-02-27 21:55:00,23234.338328758113,22337.832374869038,24130.844282647187,2025-02-27 21:55:00,153961.44444444444,132894.19157409147,175028.6973147974,2025-02-27 21:55:00,0.4444444444444444,0.3179152850670866,0.5709736038218023
2025-02-28 21:55:00,23236.461384244347,22333.189251695272,24139.73351679342,2025-02-28 21:55:00,153961.44444444444,132738.40945926367,175184.4794296252,2025-02-28 21:55:00,0.4444444444444444,0.3169603344644899,0.5719285544243989
2025-03-01 21:55:00,23238.58443973058,22328.596436776177,24148.572442684985,2025-03-01 21:55:00,153961.44444444444,132583.76252003975,175339.12636884913,2025-03-01 21:55:00,0.4444444444444444,0.31601248416188293,0.5728764047270059
2025-03-02 21:55:00,23240.707495216815,22324.05282436081,24157.36216607282,2025-03-02 21:55:00,153961.44444444444,132430.22629637324,175492.66259251564,2025-03-02 21:55:00,0.4444444444444444,0.3150715780981283,0.5738173107907605
2025-03-03 21:55:00,23242.83055070305,22319.55734862074,24166.10375278536,2025-03-03 21:55:00,153961.44444444444,132277.77719421568,175645.1116946732,2025-03-03 21:55:00,0.4444444444444444,0.31413746584658847,0.5747514230423003
2025-03-04 21:55:00,23244.953606189283,22315.108981660804,24174.798230717763,2025-03-04 21:55:00,153961.44444444444,132126.3924431907,175796.49644569817,2025-03-04 21:55:00,0.4444444444444444,0.31321000233437024,0.5756788865545186
2025-03-05 21:55:00,23247.076661675517,22310.706731655493,24183.44659169554,2025-03-05 21:55:00,153961.44444444444,131976.050056891,175946.83883199788,2025-03-05 21:55:00,0.4444444444444444,0.31228904757930415,0.5765998413095847
2025-03-06 21:55:00,23249.19971716175,22306.349641101464,24192.04979322204,2025-03-06 21:55:00,153961.44444444444,131826.7287956027,176096.16009328616,2025-03-06 21:55:00,0.4444444444444444,0.3113744664433076,0.5775144224455813
2025-03-07 21:55:00,23251.322772647985,22302.03678517736,24200.608760118612,2025-03-07 21:55:00,153961.44444444444,131678.4081312781,176244.48075761079,2025-03-07 21:55:00,0.4444444444444444,0.31046612840090193,0.5784227604879869
2025-03-08 21:55:00,23253.44582813422,22297.767270203116,24209.124386065323,2025-03-08 21:55:00,153961.44444444444,131531.0682145926,176391.82067429626,2025-03-08 21:55:00,0.4444444444444444,0.30956390732176065,0.5793249815671282
2025-03-09 21:55:00,23255.568883620454,22293.540232191368,24217.59753504954,2025-03-09 21:55:00,153961.44444444444,131384.68984393743,176538.19904495144,2025-03-09 21:55:00,0.4444444444444444,0.30866768126626287,0.580221207622626
2025-03-10 21:55:00,23257.691939106688,22289.354835484373,24226.029042729002,2025-03-10 21:55:00,153961.44444444444,131239.25443620962,176683.63445267925,2025-03-10 21:55:00,0.4444444444444444,0.30777733229311405,0.5811115565957747
2025-03-11 21:55:00,23259.81499459292,22285.21027147034,24234.419717715504,2025-03-11 21:55:00,153961.44444444444,131094.74399927445,176828.14488961443,2025-03-11 21:55:00,0.4444444444444444,0.3068927462781745,0.5819961426107143
2025-03-12 21:55:00,23261.938050079156,22281.1057573736,24242.770342784712,2025-03-12 21:55:00,153961.44444444444,130951.14110598431,176971.74778290457,2025-03-12 21:55:00,0.4444444444444444,0.3060138127437079,0.5828750761451809
2025-03-13 21:55:00,23264.06110556539,22277.040535113476,24251.081676017304,2025-03-13 21:55:00,153961.44444444444,130808.42886964811,177114.46001924077,2025-03-13 21:55:00,0.4444444444444444,0.30514042469732705,0.5837484641915618
2025-03-14 21:55:00,23266.184161051624,22273.01387022713,24259.35445187612,2025-03-14 21:55:00,153961.44444444444,130666.59092085315,177256.2979680357,2025-03-14 21:55:00,0.4444444444444444,0.30427247847997063,0.5846164104089182
2025-03-15 21:55:00,23268.307216537858,22269.025050852106,24267.58938222361,2025-03-15 21:55:00,153961.44444444444,130525.61138554967,177397.2775033392,2025-03-15 21:55:00,0.4444444444444444,0.303409873622302,0.5854790152665869
2025-03-16 21:55:00,23270.430272024092,22265.073386764536,24275.78715728365,2025-03-16 21:55:00,153961.44444444444,130385.47486431483,177537.41402457404,2025-03-16 21:55:00,0.4444444444444444,0.30255251270896405,0.5863363761799247
2025-03-17 21:55:00,23272.553327510326,22261.15820846931,24283.94844655134,2025-03-17 21:55:00,153961.44444444444,130246.16641271964,177676.72247616923,2025-03-17 21:55:00,0.4444444444444444,0.30170030125017344,0.5871885876387154
2025-03-18 21:55:00,23274.67638299656,22257.2788663389,24292.07389965422,2025-03-18 21:55:00,153961.44444444444,130107.67152272783,177815.21736616106,2025-03-18 21:55:00,0.4444444444444444,0.3008531475601734,0.5880357413287154
2025-03-19 21:55:00,23276.799438482794,22253.434729797584,24300.164147168005,2025-03-19 21:55:00,153961.44444444444,129969.97610506113,177952.91278382775,2025-03-19 21:55:00,0.4444444444444444,0.30001096264210336,0.5888779262467855
2025-03-20 21:55:00,23278.92249396903,22249.625186548303,24308.219801389754,2025-03-20 21:55:00,153961.44444444444,129833.06647247035,178089.82241641852,2025-03-20 21:55:00,0.4444444444444444,0.2991736600788759,0.5897152288100129
2025-03-21 21:55:00,23281.045549455263,22245.849641839344,24316.24145707118,2025-03-21 21:55:00,153961.44444444444,129696.9293238562,178225.95956503268,2025-03-21 21:55:00,0.4444444444444444,0.29834115592968236,0.5905477329592065
2025-03-22 21:55:00,23283.168604941497,22242.107517768443,24324.22969211455,2025-03-22 21:55:00,153961.44444444444,129561.55172918711,178361.33715970177,2025-03-22 21:55:00,0.4444444444444444,0.2975133686317759,0.5913755202571129
2025-03-23 21:55:00,23285.29166042773,22238.398252621984,24332.185068233477,2025-03-23 21:55:00,153961.44444444444,129426.92111516658,178495.9677737223,2025-03-23 21:55:00,0.4444444444444444,0.29669021890720826,0.5921986699816806
2025-03-24 21:55:00,23287.414715913965,22234.721300247125,24340.108131580804,2025-03-24 21:55:00,153961.44444444444,129293.02525160415,178629.86363728472,2025-03-24 21:55:00,0.4444444444444444,0.29587162967421543,0.5930172592146734
2025-03-25 21:55:00,23289.5377714002,22231.076129454916,24347.999413345482,2025-03-25 21:55:00,153961.44444444444,129159.85223844882,178763.03665044007,2025-03-25 21:55:00,0.4444444444444444,0.29505752596297535,0.5938313629259135
2025-03-26 21:55:00,23291.660826886433,22227.462223452516,24355.85943032035,2025-03-26 21:55:00,153961.44444444444,129027.39049344572,178895.49839544317,2025-03-26 21:55:00,0.4444444444444444,0.29424783483547423,0.5946410540534146
2025-03-27 21:55:00,23293.783882372667,22223.87907930284,24363.688685442496,2025-03-27 21:55:00,153961.44444444444,128895.62874037994,179027.26014850894,2025-03-27 21:55:00,0.4444444444444444,0.2934424853092408,0.5954464035796481
2025-03-28 21:55:00,23295.9069378589,22220.32620740996,24371.487668307844,2025-03-28 21:55:00,153961.44444444444,128764.55599787354,179158.33289101534,2025-03-28 21:55:00,0.4444444444444444,0.29264140828472185,0.596247480604167
2025-03-29 21:55:00,23298.029993345135,22216.80313102887,24379.2568556614,2025-03-29 21:55:00,153961.44444444444,128634.16156870448,179288.72732018438,2025-03-29 21:55:00,0.4444444444444444,0.29184453647608966,0.5970443524127992
2025-03-30 21:55:00,23300.15304883137,22213.30938579815,24386.996711864587,2025-03-30 21:55:00,153961.44444444444,128504.435029618,179418.45385927087,2025-03-30 21:55:00,0.4444444444444444,0.2910518043452836,0.5978370845436052
2025-03-31 21:55:00,23302.276104317603,22209.84451929424,24394.707689340965,2025-03-31 21:55:00,153961.44444444444,128375.36622160274,179547.52266728613,2025-03-31 21:55:00,0.4444444444444444,0.2902631480391054,0.5986257408497835
2025-04-01 21:55:00,23304.399159803837,22206.408090606168,24402.390229001507,2025-04-01 21:55:00,153961.44444444444,128246.94524060644,179675.94364828244,2025-04-01 21:55:00,0.4444444444444444,0.2894785053291946,0.5994103835596942
2025-04-02 21:55:00,23306.52221529007,22202.99966992952,24410.044760650624,2025-04-02 21:55:00,153961.44444444444,128119.16242866655,179803.72646022233,2025-04-02 21:55:00,0.4444444444444444,0.2886978155547261,0.6001910733341627
2025-04-03 21:55:00,23308.645270776306,22199.618838178678,24417.671703373933,2025-04-03 21:55:00,153961.44444444444,127992.008365434,179930.88052345486,2025-04-03 21:55:00,0.4444444444444444,0.2879210195676805,0.6009678693212084
2025-04-04 21:55:00,23310.76832626254,22196.265186616263,24425.271465908816,2025-04-04 21:55:00,153961.44444444444,127865.47386006836,180057.4150288205,2025-04-04 21:55:00,0.4444444444444444,0.28714805968054635,0.6017408292083425
2025-04-05 21:55:00,23312.891381748774,22192.938316498894,24432.844446998653,2025-04-05 21:55:00,153961.44444444444,127739.54994348527,180183.3389454036,2025-04-05 21:55:00,0.4444444444444444,0.28637887961632447,0.6025100092725644
2025-04-06 21:55:00,23315.014437235008,22189.637838738403,24440.391035731613,2025-04-06 21:55:00,153961.44444444444,127614.2278609371,180308.66102795178,2025-04-06 21:55:00,0.4444444444444444,0.2856134244607117,0.6032754644281771
2025-04-07 21:55:00,23317.137492721242,22186.363373577642,24447.91161186484,2025-04-07 21:55:00,153961.44444444444,127489.49906490996,180433.3898239789,2025-04-07 21:55:00,0.4444444444444444,0.28485164061634816,0.6040372482725407
2025-04-08 21:55:00,23319.260548207476,22183.114550280196,24455.406546134756,2025-04-08 21:55:00,153961.44444444444,127365.35520832048,180557.5336805684,2025-04-08 21:55:00,0.4444444444444444,0.28409347575902133,0.6047954131298675
2025-04-09 21:55:00,23321.38360369371,22179.891006833193,24462.876200554227,2025-04-09 21:55:00,153961.44444444444,127241.78813799693,180681.10075089193,2025-04-09 21:55:00,0.4444444444444444,0.28333887879572495,0.6055500100931639
2025-04-10 21:55:00,23323.506659179944,22176.69238966262,24470.320928697267,2025-04-10 21:55:00,153961.44444444444,127118.78988843058,180804.09900045829,2025-04-10 21:55:00,0.4444444444444444,0.2825877998244778,0.606301089064411
2025-04-11 21:55:00,23325.62971466618,22173.518353360447,24477.74107597191,2025-04-11 21:55:00,153961.44444444444,126996.35267578355,180926.53621310534,2025-04-11 21:55:00,0.4444444444444444,0.28184019009581274,0.6070486987930761
2025-04-12 21:55:00,23327.752770152412,22170.36856042302,24485.136979881805,2025-04-12 21:55:00,153961.44444444444,126874.46889214043,181048.41999674845,2025-04-12 21:55:00,0.4444444444444444,0.2810960019758527,0.6077928869130361
2025-04-13 21:55:00,23329.875825638646,22167.242681000094,24492.5089702772,2025-04-13 21:55:00,153961.44444444444,126753.13109999166,181169.7577888972,2025-04-13 21:55:00,0.4444444444444444,0.280355188910893,0.6085336999779958
2025-04-14 21:55:00,23331.99888112488,22164.140392654073,24499.857369595687,2025-04-14 21:55:00,153961.44444444444,126632.33202693737,181290.5568619515,2025-04-14 21:55:00,0.4444444444444444,0.2796177053934171,0.6092711834954717
2025-04-15 21:55:00,23334.121936611115,22161.06138012884,24507.18249309339,2025-04-15 21:55:00,153961.44444444444,126512.06456060096,181410.8243282879,2025-04-15 21:55:00,0.4444444444444444,0.2788835069294745,0.6100053819594143
2025-04-16 21:55:00,23336.24499209735,22158.00533512781,24514.484649066886,2025-04-16 21:55:00,153961.44444444444,126392.32174374243,181530.56714514643,2025-04-16 21:55:00,0.4444444444444444,0.27815255000735506,0.6107363388815338
2025-04-17 21:55:00,23338.368047583583,22154.971956100733,24521.764139066432,2025-04-17 21:55:00,153961.44444444444,126273.09676956187,181649.792119327,2025-04-17 21:55:00,0.4444444444444444,0.2774247920674969,0.611464096821392
2025-04-18 21:55:00,23340.491103069817,22151.96094803879,24529.02125810084,2025-04-18 21:55:00,153961.44444444444,126154.38297718426,181768.50591170462,2025-04-18 21:55:00,0.4444444444444444,0.27670019147356995,0.6121886974153189
2025-04-19 21:55:00,23342.61415855605,22148.97202227765,24536.256294834453,2025-04-19 21:55:00,153961.44444444444,126036.17384731687,181886.71504157202,2025-04-19 21:55:00,0.4444444444444444,0.2759787074846785,0.6129101814042104
2025-04-20 21:55:00,23344.737214042285,22146.004896308063,24543.469531776507,2025-04-20 21:55:00,153961.44444444444,125918.46299807163,182004.42589081725,2025-04-20 21:55:00,0.4444444444444444,0.27526030022863035,0.6136285886602585
2025-04-21 21:55:00,23346.86026952852,22143.05929359369,24550.661245463347,2025-04-21 21:55:00,153961.44444444444,125801.24418094452,182121.64470794436,2025-04-21 21:55:00,0.4444444444444444,0.2745449306762241,0.6143439582126647
2025-04-22 21:55:00,23348.983325014753,22140.13494339577,24557.831706633737,2025-04-22 21:55:00,153961.44444444444,125684.51127694495,182238.37761194393,2025-04-22 21:55:00,0.4444444444444444,0.27383256061650585,0.615056328272383
2025-04-23 21:55:00,23351.106380500987,22137.23158060438,24564.981180397594,2025-04-23 21:55:00,153961.44444444444,125568.25829286847,182354.6305960204,2025-04-23 21:55:00,0.4444444444444444,0.27312315263295267,0.6157657362559361
2025-04-24 21:55:00,23353.22943598722,22134.34894557595,24572.10992639849,2025-04-24 21:55:00,153961.44444444444,125452.47935770625,182470.4095311826,2025-04-24 21:55:00,0.4444444444444444,0.2724166700805394,0.6164722188083495
2025-04-25 21:55:00,23355.352491473455,22131.48678397675,24579.21819897016,2025-04-25 21:55:00,153961.44444444444,125337.16871918514,182585.72016970374,2025-04-25 21:55:00,0.4444444444444444,0.27171307706365005,0.6171758118252388
2025-04-26 21:55:00,23357.47554695969,22128.644846632098,24586.30624728728,2025-04-26 21:55:00,153961.44444444444,125222.32074043286,182700.56814845602,2025-04-26 21:55:00,0.4444444444444444,0.27101233841479583,0.6178765504740931
2025-04-27 21:55:00,23359.598602445923,22125.82288938103,24593.374315510817,2025-04-27 21:55:00,153961.44444444444,125107.92989676252,182814.95899212637,2025-04-27 21:55:00,0.4444444444444444,0.2703144196741034,0.6185744692147854
2025-04-28 21:55:00,23361.721657932158,22123.02067293619,24600.422642928126,2025-04-28 21:55:00,153961.44444444444,124993.99077257152,182928.89811631734,2025-04-28 21:55:00,0.4444444444444444,0.2696192870695406,0.6192696018193482
2025-04-29 21:55:00,23363.84471341839,22120.237962748724,24607.45146408806,2025-04-29 21:55:00,153961.44444444444,124880.49805834971,183042.39083053917,2025-04-29 21:55:00,0.4444444444444444,0.268926907497847,0.6199619813910419
2025-04-30 21:55:00,23365.967768904626,22117.47452887793,24614.46100893132,2025-04-30 21:55:00,153961.44444444444,124767.44654779234,183155.44234109655,2025-04-30 21:55:00,0.4444444444444444,0.2682372485061385,0.6206516403827503
2025-05-01 21:55:00,23368.09082439086,22114.7301458655,24621.45150291622,2025-05-01 21:55:00,153961.44444444444,124654.83113501308,183268.0577538758,2025-05-01 21:55:00,0.4444444444444444,0.26755027827415817,0.6213386106147307
2025-05-02 21:55:00,23370.213879877094,22112.004592614143,24628.423167140045,2025-05-02 21:55:00,153961.44444444444,124542.64681185328,183380.2420770356,2025-05-02 21:55:00,0.4444444444444444,0.26686596559714393,0.6220229232917449
2025-05-03 21:55:00,23372.336935363328,22109.297652270387,24635.37621845627,2025-05-03 21:55:00,153961.44444444444,124430.88866528304,183492.00022360584,2025-05-03 21:55:00,0.4444444444444444,0.26618427986928905,0.6227046090195998
2025-05-04 21:55:00,23374.459990849562,22106.609112111404,24642.31086958772,2025-05-04 21:55:00,153961.44444444444,124319.55187489053,183603.33701399833,2025-05-04 21:55:00,0.4444444444444444,0.2655051910677697,0.6233836978211191
2025-05-05 21:55:00,23376.583046335796,22103.938763435697,24649.227329235895,2025-05-05 21:55:00,153961.44444444444,124208.63171045596,183714.25717843292,2025-05-05 21:55:00,0.4444444444444444,0.26482866973731545,0.6240602191515734
2025-05-06 21:55:00,23378.70610182203,22101.286401457462,24656.125802186598,2025-05-06 21:55:00,153961.44444444444,124098.12352960647,183824.7653592824,2025-05-06 21:55:00,0.4444444444444444,0.2641546869753014,0.6247342019135874
2025-05-07 21:55:00,23380.829157308264,22098.651825204513,24663.006489412015,2025-05-07 21:55:00,153961.44444444444,123988.022775549,183934.86611333987,2025-05-07 21:55:00,0.4444444444444444,0.26348321441733963,0.6254056744715493
2025-05-08 21:55:00,23382.9522127945,22096.034837419575,24669.869588169422,2025-05-08 21:55:00,153961.44444444444,123878.32497487776,184044.56391401112,2025-05-08 21:55:00,0.4444444444444444,0.26281422422335055,0.6260746646655383
2025-05-09 21:55:00,23385.075268280732,22093.435244464858,24676.715292096607,2025-05-09 21:55:00,153961.44444444444,123769.02573545337,184153.86315343552,2025-05-09 21:55:00,0.4444444444444444,0.2621476890640939,0.6267411998247949
2025-05-10 21:55:00,23387.198323766966,22090.852856229758,24683.543791304175,2025-05-10 21:55:00,153961.44444444444,123660.12074435098,184262.7681445379,2025-05-10 21:55:00,0.4444444444444444,0.26148358210814127,0.6274053067807476
2025-05-11 21:55:00,23389.3213792532,22088.287486041554,24690.355272464847,2025-05-11 21:55:00,153961.44444444444,123551.60576587435,184371.28312301452,2025-05-11 21:55:00,0.4444444444444444,0.26082187700927323,0.6280670118796157
2025-05-12 21:55:00,23391.444434739435,22085.738950578998,24697.14991889987,2025-05-12 21:55:00,153961.44444444444,123443.47663963362,184479.41224925526,2025-05-12 21:55:00,0.4444444444444444,0.2601625478942832,0.6287263409946056
2025-05-13 21:55:00,23393.56749022567,22083.207069788667,24703.92791066267,2025-05-13 21:55:00,153961.44444444444,123335.72927868413,184587.15961020475,2025-05-13 21:55:00,0.4444444444444444,0.2595055693511731,0.6293833195377158
2025-05-14 21:55:00,23395.690545711903,22080.691666804007,24710.6894246198,2025-05-14 21:55:00,153961.44444444444,123228.35966772388,184694.529221165,2025-05-14 21:55:00,0.4444444444444444,0.25885091641772434,0.6300379724711644
2025-05-15 21:55:00,23397.813601198137,22078.192567866896,24717.434634529378,2025-05-15 21:55:00,153961.44444444444,123121.36386134764,184801.52502754124,2025-05-15 21:55:00,0.4444444444444444,0.25819856457043155,0.6306903243184573
2025-05-16 21:55:00,23399.93665668437,22075.709602251707,24724.163711117035,2025-05-16 21:55:00,153961.44444444444,123014.73798235519,184908.1509065337,2025-05-16 21:55:00,0.4444444444444444,0.2575484897137827,0.6313403991751061
2025-05-17 21:55:00,23402.059712170605,22073.242602191734,24730.876822149476,2025-05-17 21:55:00,153961.44444444444,122908.47822011205,185014.41066877684,2025-05-17 21:55:00,0.4444444444444444,0.25690066816987467,0.6319882207190142
2025-05-18 21:55:00,23404.18276765684,22070.791402807874,24737.574132505804,2025-05-18 21:55:00,153961.44444444444,122802.58082896032,185120.30805992856,2025-05-18 21:55:00,0.4444444444444444,0.2562550766683498,0.632633812220539
2025-05-19 21:55:00,23406.305823143073,22068.355842039527,24744.25580424662,2025-05-19 21:55:00,153961.44444444444,122697.04212667812,185225.84676221074,2025-05-19 21:55:00,0.4444444444444444,0.25561169233664266,0.6332771965522461
2025-05-20 21:55:00,23408.428878629307,22065.93576057761,24750.921996681005,2025-05-20 21:55:00,153961.44444444444,122591.8584929856,185331.03039590328,2025-05-20 21:55:00,0.4444444444444444,0.25497049269052435,0.6339183961983645
2025-05-21 21:55:00,23410.55193411554,22063.531001799583,24757.5728664315,2025-05-21 21:55:00,153961.44444444444,122487.0263680959,185435.862520793,2025-05-21 21:55:00,0.4444444444444444,0.2543314556249344,0.6345574332639544
2025-05-22 21:55:00,23412.674989601775,22061.14141170645,24764.208567497102,2025-05-22 21:55:00,153961.44444444444,122382.54225130942,185540.34663757944,2025-05-22 21:55:00,0.4444444444444444,0.2536945594050886,0.6351943294838003
2025-05-23 21:55:00,23414.79804508801,22058.766838861644,24770.829251314375,2025-05-23 21:55:00,153961.44444444444,122278.40269964981,185644.48618923908,2025-05-23 21:55:00,0.4444444444444444,0.25305978265785356,0.6358291062310353
2025-05-24 21:55:00,23416.921100574244,22056.407134331734,24777.435066816754,2025-05-24 21:55:00,153961.44444444444,122174.60432654014,185748.28456234874,2025-05-24 21:55:00,0.4444444444444444,0.25242710436337756,0.6364617845255113
2025-05-25 21:55:00,23419.044156060478,22054.062151628874,24784.02616049208,2025-05-25 21:55:00,153961.44444444444,122071.14380051788,185851.74508837098,2025-05-25 21:55:00,0.4444444444444444,0.25179650384696906,0.6370923850419198
2025-05-26 21:55:00,23421.16721154671,22051.731746654954,24790.60267643847,2025-05-26 21:55:00,153961.44444444444,121968.01784398736,185954.87104490152,2025-05-26 21:55:00,0.4444444444444444,0.2511679607712135,0.6377209281176753
2025-05-27 21:55:00,23423.290267032946,22049.415777647362,24797.16475641853,2025-05-27 21:55:00,153961.44444444444,121865.22323200814,186057.66565688074,2025-05-27 21:55:00,0.4444444444444444,0.25054145512832005,0.6383474337605688
2025-05-28 21:55:00,23425.41332251918,22047.11410512635,24803.71253991201,2025-05-28 21:55:00,153961.44444444444,121762.75679111829,186160.13209777058,2025-05-28 21:55:00,0.4444444444444444,0.24991696723269075,0.6389719216561981
2025-05-29 21:55:00,23427.536378005414,22044.826591843877,24810.24616416695,2025-05-29 21:55:00,153961.44444444444,121660.61539819131,186262.27349069758,2025-05-29 21:55:00,0.4444444444444444,0.24929447771370256,0.6395944111751863
2025-05-30 21:55:00,23429.659433491648,22042.553102733957,24816.76576424934,2025-05-30 21:55:00,153961.44444444444,121558.79597932538,186364.09290956348,2025-05-30 21:55:00,0.4444444444444444,0.24867396750869708,0.6402149213801918
2025-05-31 21:55:00,23431.782488977882,22040.293504864367,24823.271473091398,2025-05-31 21:55:00,153961.44444444444,121457.29550876403,186465.59338012486,2025-05-31 21:55:00,0.4444444444444444,0.24805541785616916,0.6408334710327197
2025-06-01 21:55:00,23433.905544464116,22038.047667389787,24829.763421538446,2025-06-01 21:55:00,153961.44444444444,121356.11100784689,186566.77788104198,2025-06-01 21:55:00,0.4444444444444444,0.24743881028914774,0.6414500785997411
2025-06-02 21:55:00,23436.02859995035,22035.81546150619,24836.24173839451,2025-06-02 21:55:00,153961.44444444444,121255.23954398988,186667.649344899,2025-06-02 21:55:00,0.4444444444444444,0.24682412662876305,0.6420647622601258
2025-06-03 21:55:00,23438.151655436584,22033.59676040655,24842.706550466617,2025-06-03 21:55:00,153961.44444444444,121154.6782296934,186768.2106591955,2025-06-03 21:55:00,0.4444444444444444,0.24621134897799304,0.6426775399108958
2025-06-04 21:55:00,23440.27471092282,22031.391439237752,24849.157982607885,2025-06-04 21:55:00,153961.44444444444,121054.42422157797,186868.4646673109,2025-06-04 21:55:00,0.4444444444444444,0.24560045971558334,0.6432884291733055
2025-06-05 21:55:00,23442.397766409053,22029.199375058706,24855.5961577594,2025-06-05 21:55:00,153961.44444444444,120954.47471944615,186968.41416944272,2025-06-05 21:55:00,0.4444444444444444,0.24499144149013474,0.6438974473987541
2025-06-06 21:55:00,23444.520821895287,22027.020446799605,24862.02119699097,2025-06-06 21:55:00,153961.44444444444,120854.82696536987,187068.061923519,2025-06-06 21:55:00,0.4444444444444444,0.2443842772143529,0.6445046116745359
2025-06-07 21:55:00,23446.64387738152,22024.854535222286,24868.433219540755,2025-06-07 21:55:00,153961.44444444444,120755.47824280264,187167.41064608624,2025-06-07 21:55:00,0.4444444444444444,0.24377895005945432,0.6451099388294346
2025-06-08 21:55:00,23448.766932867755,22022.70152288167,24874.83234285384,2025-06-08 21:55:00,153961.44444444444,120656.42587571533,187266.46301317355,2025-06-08 21:55:00,0.4444444444444444,0.24317544344972392,0.6457134454391649
2025-06-09 21:55:00,23450.88998835399,22020.561294088235,24881.218682619743,2025-06-09 21:55:00,153961.44444444444,120557.66722775527,187365.2216611336,2025-06-09 21:55:00,0.4444444444444444,0.24257374105721904,0.6463151478316698
2025-06-10 21:55:00,23453.013043840223,22018.433734871505,24887.59235280894,2025-06-10 21:55:00,153961.44444444444,120459.19970142738,187463.6891874615,2025-06-10 21:55:00,0.4444444444444444,0.24197382679661525,0.6469150620922736
2025-06-11 21:55:00,23455.136099326457,22016.318732944485,24893.95346570843,2025-06-11 21:55:00,153961.44444444444,120361.02073729713,187561.86815159174,2025-06-11 21:55:00,0.4444444444444444,0.2413756848201887,0.6475132040687002
2025-06-12 21:55:00,23457.25915481269,22014.216177669063,24900.30213195632,2025-06-12 21:55:00,153961.44444444444,120263.12781321435,187659.76107567453,2025-06-12 21:55:00,0.4444444444444444,0.24077929951293173,0.6481095893759571
2025-06-13 21:55:00,23459.382210298925,22012.12596002231,24906.63846057554,2025-06-13 21:55:00,153961.44444444444,120165.51844355714,187757.37044533173,2025-06-13 21:55:00,0.4444444444444444,0.2401846554877964,0.6487042334010924
2025-06-14 21:55:00,23461.50526578516,22010.047972563647,24912.96255900667,2025-06-14 21:55:00,153961.44444444444,120068.19017849554,187854.69871039334,2025-06-14 21:55:00,0.4444444444444444,0.23959173758106247,0.6492971513078264
2025-06-15 21:55:00,23463.628321271393,22007.982109402892,24919.274533139895,2025-06-15 21:55:00,153961.44444444444,119971.14060327417,187951.7482856147,2025-06-15 21:55:00,0.4444444444444444,0.23900053084782552,0.6498883580410633
2025-06-16 21:55:00,23465.751376757627,22005.92826616912,24925.574487346134,2025-06-16 21:55:00,153961.44444444444,119874.36733751305,188048.52155137583,2025-06-16 21:55:00,0.4444444444444444,0.2384110205576019,0.650477868331287
2025-06-17 21:55:00,23467.87443224386,22003.8863399803,24931.86252450742,2025-06-17 21:55:00,153961.44444444444,119777.8680345265,188145.02085436237,2025-06-17 21:55:00,0.4444444444444444,0.23782319219004625,0.6510656966988426
2025-06-18 21:55:00,23469.997487730096,22001.856229413755,24938.138746046436,2025-06-18 21:55:00,153961.44444444444,119681.64038065914,188241.24850822974,2025-06-18 21:55:00,0.4444444444444444,0.23723703143077846,0.6516518574581104
2025-06-19 21:55:00,23472.12054321633,21999.83783447732,24944.40325195534,2025-06-19 21:55:00,153961.44444444444,119585.6820946387,188337.20679425017,2025-06-19 21:55:00,0.4444444444444444,0.23665252416731652,0.6522363647215723
2025-06-20 21:55:00,23474.243598702564,21997.831056581268,24950.65614082386,2025-06-20 21:55:00,153961.44444444444,119489.99092694485,188432.89796194402,2025-06-20 21:55:00,0.4444444444444444,0.2360696564851124,0.6528192324037765
2025-06-21 21:55:00,23476.366654188798,21995.835798510925,24956.89750986667,2025-06-21 21:55:00,153961.44444444444,119394.56465919412,188528.32422969476,2025-06-21 21:55:00,0.4444444444444444,0.23548841466368672,0.6534004742252021
2025-06-22 21:55:00,23478.489709675032,21993.85196439996,24963.127454950103,2025-06-22 21:55:00,153961.44444444444,119299.4011035397,188623.4877853492,2025-06-22 21:55:00,0.4444444444444444,0.23490878517286073,0.6539801037160281
2025-06-23 21:55:00,23480.612765161266,21991.879459704363,24969.34607061817,2025-06-23 21:55:00,153961.44444444444,119204.49810208619,188718.3907868027,2025-06-23 21:55:00,0.4444444444444444,0.23433075466908132,0.6545581342198075
2025-06-24 21:55:00,23482.7358206475,21989.918191177032,24975.553450117968,2025-06-24 21:55:00,153961.44444444444,119109.85352631874,188813.03536257014,2025-06-24 21:55:00,0.4444444444444444,0.23375430999183686,0.655134578897052
2025-06-25 21:55:00,23484.858876133734,21987.968066843016,24981.749685424453,2025-06-25 21:55:00,153961.44444444444,119015.46527654596,188907.42361234291,2025-06-25 21:55:00,0.4444444444444444,0.23317943816016137,0.6557094507287274
2025-06-26 21:55:00,23486.98193161997,21986.028995975346,24987.93486726459,2025-06-26 21:55:00,153961.44444444444,118921.33128135651,189001.55760753236,2025-06-26 21:55:00,0.4444444444444444,0.2326061263692235,0.6562827625196653
2025-06-27 21:55:00,23489.104987106202,21984.10088907145,24994.109085140954,2025-06-27 21:55:00,153961.44444444444,118827.4494970887,189095.43939180017,2025-06-27 21:55:00,0.4444444444444444,0.23203436198699895,0.65685452690189
2025-06-28 21:55:00,23491.228042592436,21982.183657830148,25000.272427354725,2025-06-28 21:55:00,153961.44444444444,118733.81790731267,189189.07098157622,2025-06-28 21:55:00,0.4444444444444444,0.2314641325510229,0.6574247563378659
2025-06-29 21:55:00,23493.35109807867,21980.277215129205,25006.424981028136,2025-06-29 21:55:00,153961.44444444444,118640.43452232523,189282.45436656364,2025-06-29 21:55:00,0.4444444444444444,0.23089542576522076,0.6579934631236681
2025-06-30 21:55:00,23495.474153564905,21978.381475003385,25012.566832126424,2025-06-30 21:55:00,153961.44444444444,118547.29737865651,189375.59151023236,2025-06-30 21:55:00,0.4444444444444444,0.23032822949681434,0.6585606593920745
2025-07-01 21:55:00,23497.59720905114,21976.496352623086,25018.69806547919,2025-07-01 21:55:00,153961.44444444444,118454.4045385882,189468.48435030069,2025-07-01 21:55:00,0.4444444444444444,0.22976253177330194,0.6591263571155869
2025-07-02 21:55:00,23499.720264537373,21974.621764273423,25024.818764801323,2025-07-02 21:55:00,153961.44444444444,118361.75408968322,189561.13479920564,2025-07-02 21:55:00,0.4444444444444444,0.22919832077950972,0.6596905681093791
2025-07-03 21:55:00,23501.843320023607,21972.75762733384,25030.92901271337,2025-07-03 21:55:00,153961.44444444444,118269.34414432633,189653.54474456253,2025-07-03 21:55:00,0.4444444444444444,0.2286355848547124,0.6602533040341765
2025-07-04 21:55:00,23503.96637550984,21970.903860258186,25037.028890761496,2025-07-04 21:55:00,153961.44444444444,118177.17283927546,189745.71604961343,2025-07-04 21:55:00,0.4444444444444444,0.22807431248982135,0.6608145763990675
2025-07-05 21:55:00,23506.089430996075,21969.060382555246,25043.118479436904,2025-07-05 21:55:00,153961.44444444444,118085.23833522332,189837.65055366556,2025-07-05 21:55:00,0.4444444444444444,0.22751449232463847,0.6613743965642503
2025-07-06 21:55:00,23508.21248648231,21967.227114769743,25049.197858194875,2025-07-06 21:55:00,153961.44444444444,117993.5388163692,189929.35007251968,2025-07-06 21:55:00,0.4444444444444444,0.22695611314517306,0.6619327757437158
2025-07-07 21:55:00,23510.335541968543,21965.40397846377,25055.267105473315,2025-07-07 21:55:00,153961.44444444444,117902.07249000049,190020.8163988884,2025-07-07 21:55:00,0.4444444444444444,0.22639916388102124,0.6624897250078676
2025-07-08 21:55:00,23512.458597454777,21963.590896198635,25061.32629871092,2025-07-08 21:55:00,153961.44444444444,117810.8375860838,190112.05130280508,2025-07-08 21:55:00,0.4444444444444444,0.22584363360280493,0.6630452552860839
2025-07-09 21:55:00,23514.58165294101,21961.78779151713,25067.375514364892,2025-07-09 21:55:00,153961.44444444444,117719.83235686528,190203.0565320236,2025-07-09 21:55:00,0.4444444444444444,0.22528951151966956,0.6635993773692193
2025-07-10 21:55:00,23516.704708427245,21959.994588926227,25073.414827928264,2025-07-10 21:55:00,153961.44444444444,117629.05507648,190293.83381240888,2025-07-10 21:55:00,0.4444444444444444,0.22473678697683844,0.6641521019120504
2025-07-11 21:55:00,23518.82776391348,21958.21121388011,25079.44431394685,2025-07-11 21:55:00,153961.44444444444,117538.50404057003,190384.38484831885,2025-07-11 21:55:00,0.4444444444444444,0.22418544945322236,0.6647034394356665
2025-07-12 21:55:00,23520.950819399714,21956.43759276363,25085.4640460358,2025-07-12 21:55:00,153961.44444444444,117448.17756591112,190474.71132297776,2025-07-12 21:55:00,0.4444444444444444,0.22363548855908294,0.6652534003298058
2025-07-13 21:55:00,23523.073874885948,21954.673652876132,25091.474096895763,2025-07-13 21:55:00,153961.44444444444,117358.0739900476,190564.81489884126,2025-07-13 21:55:00,0.4444444444444444,0.2230868940337484,0.6658019948551405
2025-07-14 21:55:00,23525.19693037218,21952.91932241561,25097.47453832875,2025-07-14 21:55:00,153961.44444444444,117268.19167093548,190654.6972179534,2025-07-14 21:55:00,0.4444444444444444,0.2225396557433798,0.666349233145509
2025-07-15 21:55:00,23527.319985858416,21951.174530463253,25103.46544125358,2025-07-15 21:55:00,153961.44444444444,117178.52898659316,190744.35990229572,2025-07-15 21:55:00,0.4444444444444444,0.22199376367878695,0.6668951252101019
2025-07-16 21:55:00,23529.44304134465,21949.439206968287,25109.446875721012,2025-07-16 21:55:00,153961.44444444444,117089.08433476002,190833.80455412884,2025-07-16 21:55:00,0.4444444444444444,0.2214492079532925,0.6674396809355964
2025-07-17 21:55:00,23531.566096830884,21947.713282733184,25115.418910928584,2025-07-17 21:55:00,153961.44444444444,116999.85613256233,190923.03275632655,2025-07-17 21:55:00,0.4444444444444444,0.22090597880064278,0.6679829100882461
2025-07-18 21:55:00,23533.689152317118,21945.99668939919,25121.381615235045,2025-07-18 21:55:00,153961.44444444444,116910.84281618649,191012.0460727024,2025-07-18 21:55:00,0.4444444444444444,0.22036406657296412,0.6685248223159247
2025-07-19 21:55:00,23535.812207803352,21944.28935943215,25127.335056174554,2025-07-19 21:55:00,153961.44444444444,116822.04284055906,191100.8460483298,2025-07-19 21:55:00,0.4444444444444444,0.21982346173876371,0.6690654271501251
2025-07-20 21:55:00,23537.935263289586,21942.59122610865,25133.279300470524,2025-07-20 21:55:00,153961.44444444444,116733.45467903413,191189.43420985475,2025-07-20 21:55:00,0.4444444444444444,0.2192841548809736,0.6696047340079152
2025-07-21 21:55:00,23540.05831877582,21940.902223502453,25139.214414049187,2025-07-21 21:55:00,153961.44444444444,116645.07682308683,191277.81206580205,2025-07-21 21:55:00,0.4444444444444444,0.21874613669503673,0.6701427521938521
2025-07-22 21:55:00,23542.181374262054,21939.222286471242,25145.140462052866,2025-07-22 21:55:00,153961.44444444444,116556.90778201378,191365.98110687512,2025-07-22 21:55:00,0.4444444444444444,0.218209397987034,0.6706794909018549
2025-07-23 21:55:00,23544.30442974829,21937.551350643615,25151.057508852962,2025-07-23 21:55:00,153961.44444444444,116468.94608263968,191453.9428062492,2025-07-23 21:55:00,0.4444444444444444,0.2176739296718511,0.6712149592170378
2025-07-24 21:55:00,23546.427485234522,21935.889352406386,25156.96561806266,2025-07-24 21:55:00,153961.44444444444,116381.19026903014,191541.69861985874,2025-07-24 21:55:00,0.4444444444444444,0.2171397227713844,0.6717491661175045
2025-07-25 21:55:00,23548.550540720757,21934.236228892132,25162.86485254938,2025-07-25 21:55:00,153961.44444444444,116293.63890221043,191629.24998667845,2025-07-25 21:55:00,0.4444444444444444,0.21660676841278456,0.6722821204761043
2025-07-26 21:55:00,23550.67359620699,21932.59191796701,25168.755274446972,2025-07-26 21:55:00,153961.44444444444,116206.29055989024,191716.59832899863,2025-07-26 21:55:00,0.4444444444444444,0.21607505782673703,0.6728138310621519
2025-07-27 21:55:00,23552.796651693225,21930.95635821883,25174.63694516762,2025-07-27 21:55:00,153961.44444444444,116119.14383619415,191803.74505269472,2025-07-27 21:55:00,0.4444444444444444,0.21554458234577858,0.6733443065431103
2025-07-28 21:55:00,23554.91970717946,21929.329488945386,25180.50992541353,2025-07-28 21:55:00,153961.44444444444,116032.19734139754,191890.69154749135,2025-07-28 21:55:00,0.4444444444444444,0.21501533340264886,0.67387355548624
2025-07-29 21:55:00,23557.042762665693,21927.711250143,25186.374275188387,2025-07-29 21:55:00,153961.44444444444,115945.44970166803,191977.43918722085,2025-07-29 21:55:00,0.4444444444444444,0.214487302528676,0.6744015863602129
2025-07-30 21:55:00,23559.165818151927,21926.101582495325,25192.23005380853,2025-07-30 21:55:00,153961.44444444444,115858.89955881225,192063.9893300766,2025-07-30 21:55:00,0.4444444444444444,0.21396048135219548,0.6749284075366934
2025-07-31 21:55:00,23561.28887363816,21924.500427362385,25198.077319913937,2025-07-31 21:55:00,153961.44444444444,115772.5455700277,192150.34331886118,2025-07-31 21:55:00,0.4444444444444444,0.21343486159700173,0.6754540272918871
2025-08-01 21:55:00,23563.411929124395,21922.90772676981,25203.91613147898,2025-08-01 21:55:00,153961.44444444444,115686.38640765971,192236.50248122917,2025-08-01 21:55:00,0.4444444444444444,0.21291043508083105,0.6759784538080578
2025-08-02 21:55:00,23565.53498461063,21921.32342339831,25209.74654582295,2025-08-02 21:55:00,153961.44444444444,115600.42075896321,192322.46812992566,2025-08-02 21:55:00,0.4444444444444444,0.21238719371387552,0.6765016951750134
2025-08-03 21:55:00,23567.658040096863,21919.747460573373,25215.568619620353,2025-08-03 21:55:00,153961.44444444444,115514.64732586948,192408.2415630194,2025-08-03 21:55:00,0.4444444444444444,0.211865129497327,0.6770237593915618
2025-08-04 21:55:00,23569.781095583097,21918.17978225514,25221.382408911053,2025-08-04 21:55:00,153961.44444444444,115429.06482475737,192493.8240641315,2025-08-04 21:55:00,0.4444444444444444,0.21134423452195047,0.6775446543669383
2025-08-05 21:55:00,23571.90415106933,21916.620333028503,25227.18796911016,2025-08-05 21:55:00,153961.44444444444,115343.6719862292,192579.21690265968,2025-08-05 21:55:00,0.4444444444444444,0.21082450096668592,0.6780643879222029
2025-08-06 21:55:00,23574.027206555565,21915.069058093402,25232.98535501773,2025-08-06 21:55:00,153961.44444444444,115258.4675548911,192664.42133399777,2025-08-06 21:55:00,0.4444444444444444,0.21030592109727847,0.6785829677916104
2025-08-07 21:55:00,23576.1502620418,21913.525903255304,25238.774620828295,2025-08-07 21:55:00,153961.44444444444,115173.45028913768,192749.4385997512,2025-08-07 21:55:00,0.4444444444444444,0.20978848726493513,0.6791004016239537
2025-08-08 21:55:00,23578.273317528034,21911.990814915887,25244.55582014018,2025-08-08 21:55:00,153961.44444444444,115088.61896094089,192834.269927948,2025-08-08 21:55:00,0.4444444444444444,0.20927219190500898,0.6796166969838798
2025-08-09 21:55:00,23580.396373014268,21910.46374006389,25250.329005964646,2025-08-09 21:55:00,153961.44444444444,115003.97235564308,192918.9165332458,2025-08-09 21:55:00,0.4444444444444444,0.20875702753570846,0.6801318613531804
2025-08-10 21:55:00,23582.5194285005,21908.944626266144,25256.09423073486,2025-08-10 21:55:00,153961.44444444444,114919.50927175418,193003.3796171347,2025-08-10 21:55:00,0.4444444444444444,0.20824298675683267,0.6806459021320561
2025-08-11 21:55:00,23584.642483986736,21907.433421658796,25261.851546314676,2025-08-11 21:55:00,153961.44444444444,114835.22852075256,193087.6603681363,2025-08-11 21:55:00,0.4444444444444444,0.20773006224853105,0.6811588266403578
2025-08-12 21:55:00,23586.76553947297,21905.930074938697,25267.601004007243,2025-08-12 21:55:00,153961.44444444444,114751.12892688997,193171.7599619989,2025-08-12 21:55:00,0.4444444444444444,0.20721824677008707,0.6816706421188018
2025-08-13 21:55:00,23588.888594959204,21904.43453535492,25273.342654563487,2025-08-13 21:55:00,153961.44444444444,114667.20932700025,193255.67956188862,2025-08-13 21:55:00,0.4444444444444444,0.20670753315872595,0.6821813557301629
2025-08-14 21:55:00,23591.011650445438,21902.94675270053,25279.076548190347,2025-08-14 21:55:00,153961.44444444444,114583.4685703115,193339.42031857738,2025-08-14 21:55:00,0.4444444444444444,0.20619791432844484,0.682690974560444
2025-08-15 21:55:00,23593.134705931672,21901.466677304386,25284.802734558958,2025-08-15 21:55:00,153961.44444444444,114499.90551826205,193422.9833706268,2025-08-15 21:55:00,0.4444444444444444,0.20568938326886596,0.6831995056200229
2025-08-16 21:55:00,23595.257761417906,21899.99426002324,25290.521262812574,2025-08-16 21:55:00,153961.44444444444,114416.51904431984,193506.36984456904,2025-08-16 21:55:00,0.4444444444444444,0.2051819330441113,0.6837069558447775
2025-08-17 21:55:00,23597.38081690414,21898.52945223385,25296.23218157443,2025-08-17 21:55:00,153961.44444444444,114333.3080338052,193589.58085508368,2025-08-17 21:55:00,0.4444444444444444,0.20467555679169905,0.6842133320971898
2025-08-18 21:55:00,23599.503872390374,21897.07220582537,25301.93553895538,2025-08-18 21:55:00,153961.44444444444,114250.27138371702,193672.61750517186,2025-08-18 21:55:00,0.4444444444444444,0.20417024772146053,0.6847186411674283
2025-08-19 21:55:00,23601.62692787661,21895.62247319178,25307.631382561438,2025-08-19 21:55:00,153961.44444444444,114167.40800256215,193755.48088632672,2025-08-19 21:55:00,0.4444444444444444,0.20366599911447833,0.6852228897744105
2025-08-20 21:55:00,23603.749983362843,21894.18020722451,25313.319759501177,2025-08-20 21:55:00,153961.44444444444,114084.71681018802,193838.17207870085,2025-08-20 21:55:00,0.4444444444444444,0.2031628043220435,0.6857260845668454
2025-08-21 21:55:00,23605.873038849077,21892.745361305202,25319.00071639295,2025-08-21 21:55:00,153961.44444444444,114002.19673761842,193920.69215127046,2025-08-21 21:55:00,0.4444444444444444,0.20266065676463307,0.6862282321242558
2025-08-22 21:55:00,23607.99609433531,21891.317889298603,25324.674299372018,2025-08-22 21:55:00,153961.44444444444,113919.84672689211,194003.04216199677,2025-08-22 21:55:00,0.4444444444444444,0.20215954993090604,0.6867293389579828
2025-08-23 21:55:00,23610.119149821545,21889.89774554556,25330.34055409753,2025-08-23 21:55:00,153961.44444444444,113837.6657309047,194085.22315798418,2025-08-23 21:55:00,0.4444444444444444,0.20165947737671855,0.6872294115121703
2025-08-24 21:55:00,23612.24220530778,21888.484884856192,25335.999525759365,2025-08-24 21:55:00,153961.44444444444,113755.65271325331,194167.23617563557,2025-08-24 21:55:00,0.4444444444444444,0.2011604327241568,0.6877284561647321
2025-08-25 21:55:00,23614.365260794013,21887.07926250316,25341.651259084865,2025-08-25 21:55:00,153961.44444444444,113673.80664808402,194249.08224080486,2025-08-25 21:55:00,0.4444444444444444,0.20066240966058804,0.6882264792283008
2025-08-26 21:55:00,23616.488316280247,21885.680834215065,25347.29579834543,2025-08-26 21:55:00,153961.44444444444,113592.12651994216,194330.76236894671,2025-08-26 21:55:00,0.4444444444444444,0.200165401937729,0.6887234869511598
2025-08-27 21:55:00,23618.61137176648,21884.289556169962,25352.933187363,2025-08-27 21:55:00,153961.44444444444,113510.61132362537,194412.2775652635,2025-08-27 21:55:00,0.4444444444444444,0.19966940337073122,0.6892194855181576
2025-08-28 21:55:00,23620.734427252715,21882.905384989008,25358.563469516423,2025-08-28 21:55:00,153961.44444444444,113429.26006403923,194493.62882484964,2025-08-28 21:55:00,0.4444444444444444,0.19917440783728302,0.6897144810516058
2025-08-29 21:55:00,23622.85748273895,21881.528277730205,25364.186687747693,2025-08-29 21:55:00,153961.44444444444,113348.07175605549,194574.81713283338,2025-08-29 21:55:00,0.4444444444444444,0.19868040927672784,0.690208479612161
2025-08-30 21:55:00,23624.980538225183,21880.158191882274,25369.802884568093,2025-08-30 21:55:00,153961.44444444444,113267.04542437303,194655.84346451584,2025-08-30 21:55:00,0.4444444444444444,0.19818740168919868,0.6907014871996902
2025-08-31 21:55:00,23627.103593711417,21878.795085358623,25375.412102064212,2025-08-31 21:55:00,153961.44444444444,113186.18010338099,194736.7087855079,2025-08-31 21:55:00,0.4444444444444444,0.1976953791347674,0.6911935097541214
2025-09-01 21:55:00,23629.22664919765,21877.438916491443,25381.01438190386,2025-09-01 21:55:00,153961.44444444444,113105.47483702461,194817.41405186427,2025-09-01 21:55:00,0.4444444444444444,0.1972043357326103,0.6916845531562785
2025-09-02 21:55:00,23631.349704683886,21876.08964402588,25386.60976534189,2025-09-02 21:55:00,153961.44444444444,113024.92867867336,194897.96021021553,2025-09-02 21:55:00,0.4444444444444444,0.19671426566018752,0.6921746232287014
2025-09-03 21:55:00,23633.47276017012,21874.747227114338,25392.1982932259,2025-09-03 21:55:00,153961.44444444444,112944.54069099131,194978.34819789755,2025-09-03 21:55:00,0.4444444444444444,0.19622516315243801,0.6926637257364509
2025-09-04 21:55:00,23635.595815656354,21873.41162531088,25397.780006001827,2025-09-04 21:55:00,153961.44444444444,112864.30994581,195058.57894307887,2025-09-04 21:55:00,0.4444444444444444,0.1957370225009879,0.6931518663879009
2025-09-05 21:55:00,23637.718871142588,21872.082798565705,25403.35494371947,2025-09-05 21:55:00,153961.44444444444,112784.23552400325,195138.65336488563,2025-09-05 21:55:00,0.4444444444444444,0.19524983805337334,0.6936390508355155
2025-09-06 21:55:00,23639.841926628822,21870.760707219742,25408.9231460379,2025-09-06 21:55:00,153961.44444444444,112704.31651536445,195218.57237352442,2025-09-06 21:55:00,0.4444444444444444,0.19476360421227693,0.6941252846766119
2025-09-07 21:55:00,23641.964982115056,21869.44531199935,25414.484652230763,2025-09-07 21:55:00,153961.44444444444,112624.5520184857,195298.33687040317,2025-09-07 21:55:00,0.4444444444444444,0.1942783154347772,0.6946105734541117
2025-09-08 21:55:00,23644.08803760129,21868.136574011056,25420.039501191524,2025-09-08 21:55:00,153961.44444444444,112544.94114063936,195377.9477482495,2025-09-08 21:55:00,0.4444444444444444,0.1937939662316116,0.6950949226572772
2025-09-09 21:55:00,23646.211093087524,21866.834454736476,25425.587731438573,2025-09-09 21:55:00,153961.44444444444,112465.48299766134,195457.40589122754,2025-09-09 21:55:00,0.4444444444444444,0.19331055116645202,0.6955783377224368
2025-09-10 21:55:00,23648.33414857376,21865.538916027217,25431.1293811203,2025-09-10 21:55:00,153961.44444444444,112386.17671383661,195536.71217505226,2025-09-10 21:55:00,0.4444444444444444,0.19282806485519272,0.6960608240336961
2025-09-11 21:55:00,23650.457204059992,21864.249920099963,25436.664488020022,2025-09-11 21:55:00,153961.44444444444,112307.02142178654,195615.86746710233,2025-09-11 21:55:00,0.4444444444444444,0.192346501965251,0.6965423869236378
2025-09-12 21:55:00,23652.580259546226,21862.967429531574,25442.19308956088,2025-09-12 21:55:00,153961.44444444444,112228.01626235826,195694.87262653062,2025-09-12 21:55:00,0.4444444444444444,0.1918658572148793,0.6970230316740096
2025-09-13 21:55:00,23654.70331503246,21861.69140725431,25447.71522281061,2025-09-13 21:55:00,153961.44444444444,112149.16038451587,195773.728504373,2025-09-13 21:55:00,0.4444444444444444,0.1913861253724895,0.6975027635163993
2025-09-14 21:55:00,23656.826370518695,21860.421816551123,25453.230924486266,2025-09-14 21:55:00,153961.44444444444,112070.45294523344,195852.43594365544,2025-09-14 21:55:00,0.4444444444444444,0.19090730125598837,0.6979815876329005
2025-09-15 21:55:00,23658.94942600493,21859.158621051025,25458.740230958832,2025-09-15 21:55:00,153961.44444444444,111991.89310938987,195930.995779499,2025-09-15 21:55:00,0.4444444444444444,0.1904293797321247,0.6984595091567641
2025-09-16 21:55:00,23661.072481491163,21857.901784724545,25464.24317825778,2025-09-16 21:55:00,153961.44444444444,111913.48004966555,196009.40883922332,2025-09-16 21:55:00,0.4444444444444444,0.18995235571584707,0.6989365331730417
2025-09-17 21:55:00,23663.195536977397,21856.65127187925,25469.739802075543,2025-09-17 21:55:00,153961.44444444444,111835.21294644068,196087.6759424482,2025-09-17 21:55:00,0.4444444444444444,0.18947622416967252,0.6994126647192163
2025-09-18 21:55:00,23665.31859246363,21855.407047155353,25475.23013777191,2025-09-18 21:55:00,153961.44444444444,111757.09098769525,196165.7979011936,2025-09-18 21:55:00,0.4444444444444444,0.18900098010306632,0.6998879087858225
2025-09-19 21:55:00,23667.441647949865,21854.16907552139,25480.71422037834,2025-09-19 21:55:00,153961.44444444444,111679.11336891091,196243.77551997796,2025-09-19 21:55:00,0.4444444444444444,0.18852661857183112,0.7003622703170578
2025-09-20 21:55:00,23669.5647034361,21852.93732226995,25486.192084602248,2025-09-20 21:55:00,153961.44444444444,111601.27929297411,196321.60959591478,2025-09-20 21:55:00,0.4444444444444444,0.18805313467750723,0.7008357542113817
2025-09-21 21:55:00,23671.687758922333,21851.71175301353,25491.663764831137,2025-09-21 21:55:00,153961.44444444444,111523.58797008121,196399.30091880768,2025-09-21 21:55:00,0.4444444444444444,0.1875805235667823,0.7013083653221066
2025-09-22 21:55:00,23673.810814408567,21850.492333680377,25497.129295136758,2025-09-22 21:55:00,153961.44444444444,111446.03861764484,196476.85027124404,2025-09-22 21:55:00,0.4444444444444444,0.187108780430911,0.7017801084579778
2025-09-23 21:55:00,23675.9338698948,21849.279030510483,25502.58870927912,2025-09-23 21:55:00,153961.44444444444,111368.63046020202,196554.25842868685,2025-09-23 21:55:00,0.4444444444444444,0.1866379005051439,0.7022509883837449
2025-09-24 21:55:00,23678.056925381035,21848.071810051588,25508.042040710483,2025-09-24 21:55:00,153961.44444444444,111291.3627293236,196631.52615956526,2025-09-24 21:55:00,0.4444444444444444,0.1861678790681664,0.7027210098207224
2025-09-25 21:55:00,23680.17998086727,21846.87063915526,25513.48932257928,2025-09-25 21:55:00,153961.44444444444,111214.23466352539,196708.65422536348,2025-09-25 21:55:00,0.4444444444444444,0.18569871144154615,0.7031901774473427
2025-09-26 21:55:00,23682.303036353504,21845.67548497306,25518.930587733947,2025-09-26 21:55:00,153961.44444444444,111137.24550818045,196785.6433807084,2025-09-26 21:55:00,0.4444444444444444,0.1852303929891897,0.7036584958996992
2025-09-27 21:55:00,23684.426091839738,21844.48631495276,25524.365868726716,2025-09-27 21:55:00,153961.44444444444,111060.39451543309,196862.4943734558,2025-09-27 21:55:00,0.4444444444444444,0.18476291911680826,0.7041259697720805
2025-09-28 21:55:00,23686.54914732597,21843.303096834585,25529.79519781736,2025-09-28 21:55:00,153961.44444444444,110983.68094411398,196939.20794477488,2025-09-28 21:55:00,0.4444444444444444,0.18429628527139152,0.7045926036174973
2025-09-29 21:55:00,23688.672202812206,21842.125798647587,25535.218606976825,2025-09-29 21:55:00,153961.44444444444,110907.10405965688,197015.784829232,2025-09-29 21:55:00,0.4444444444444444,0.18383048694069065,0.7050584019481982
2025-09-30 21:55:00,23690.79525829844,21840.95438870601,25540.63612789087,2025-09-30 21:55:00,153961.44444444444,110830.66313401649,197092.22575487237,2025-09-30 21:55:00,0.4444444444444444,0.18336551965270892,0.70552336923618
2025-10-01 21:55:00,23692.918313784674,21839.788835605756,25546.047791963592,2025-10-01 21:55:00,153961.44444444444,110754.35744558772,197168.53144330115,2025-10-01 21:55:00,0.4444444444444444,0.18290137897520087,0.705987509913688
2025-10-02 21:55:00,23695.041369270908,21838.629108220885,25551.45363032093,2025-10-02 21:55:00,153961.44444444444,110678.18627912624,197244.70260976264,2025-10-02 21:55:00,0.4444444444444444,0.18243806051517963,0.7064508283737092
2025-10-03 21:55:00,23697.164424757142,21837.47517570018,25556.853673814105,2025-10-03 21:55:00,153961.44444444444,110602.14892567019,197320.7399632187,2025-10-03 21:55:00,0.4444444444444444,0.18197555991843123,0.7069133289704577
2025-10-04 21:55:00,23699.287480243376,21836.327007463762,25562.24795302299,2025-10-04 21:55:00,153961.44444444444,110526.24468246326,197396.6442064256,2025-10-04 21:55:00,0.4444444444444444,0.18151387286903797,0.7073750160198509
2025-10-05 21:55:00,23701.41053572961,21835.18457319977,25567.63649825945,2025-10-05 21:55:00,153961.44444444444,110450.47285287893,197472.41603600996,2025-10-05 21:55:00,0.4444444444444444,0.1810529950889077,0.7078358937999811
2025-10-06 21:55:00,23703.533591215844,21834.047842861066,25573.019339570623,2025-10-06 21:55:00,153961.44444444444,110374.83274634575,197548.05614254312,2025-10-06 21:55:00,0.4444444444444444,0.180592922337312,0.7082959665515769
2025-10-07 21:55:00,23705.65664670208,21832.916786662034,25578.396506742123,2025-10-07 21:55:00,153961.44444444444,110299.32367827407,197623.56521061482,2025-10-07 21:55:00,0.4444444444444444,0.18013365041043056,0.7087552384784583
2025-10-08 21:55:00,23707.779702188313,21831.791375075376,25583.76802930125,2025-10-08 21:55:00,153961.44444444444,110223.94496998366,197698.94391890522,2025-10-08 21:55:00,0.4444444444444444,0.17967517514090303,0.7092137137479858
2025-10-09 21:55:00,23709.902757674547,21830.67157882901,25589.133936520084,2025-10-09 21:55:00,153961.44444444444,110148.69594863252,197774.19294025635,2025-10-09 21:55:00,0.4444444444444444,0.17921749239738805,0.7096713964915008
2025-10-10 21:55:00,23712.02581316078,21829.55736890298,25594.49425741858,2025-10-10 21:55:00,153961.44444444444,110073.5759471469,197849.31294174196,2025-10-10 21:55:00,0.4444444444444444,0.17876059808412875,0.7101282908047601
2025-10-11 21:55:00,23714.148868647015,21828.448716526436,25599.849020767593,2025-10-11 21:55:00,153961.44444444444,109998.58430415223,197924.30458473664,2025-10-11 21:55:00,0.4444444444444444,0.17830448814052496,0.7105844007483639
2025-10-12 21:55:00,23716.27192413325,21827.345593174636,25605.198255091862,2025-10-12 21:55:00,153961.44444444444,109923.72036390519,197999.1685249837,2025-10-12 21:55:00,0.4444444444444444,0.17784915854071265,0.7110397303481761
2025-10-13 21:55:00,23718.394979619483,21826.247970566023,25610.541988672943,2025-10-13 21:55:00,153961.44444444444,109848.98347622689,198073.905412662,2025-10-13 21:55:00,0.4444444444444444,0.177394605293149,0.7114942835957399
2025-10-14 21:55:00,23720.518035105717,21825.15582065932,25615.880249552112,2025-10-14 21:55:00,153961.44444444444,109774.37299643682,198148.51589245204,2025-10-14 21:55:00,0.4444444444444444,0.17694082444020393,0.7119480644486849
2025-10-15 21:55:00,23722.64109059195,21824.0691156507,25621.213065533204,2025-10-15 21:55:00,153961.44444444444,109699.88828528821,198223.00060360067,2025-10-15 21:55:00,0.4444444444444444,0.1764878120577587,0.7124010768311302
2025-10-16 21:55:00,23724.764146078185,21822.98782797095,25626.540464185422,2025-10-16 21:55:00,153961.44444444444,109625.52870890388,198297.360179985,2025-10-16 21:55:00,0.4444444444444444,0.17603556425480965,0.7128533246340791
2025-10-17 21:55:00,23726.88720156442,21821.91193028274,25631.8624728461,2025-10-17 21:55:00,153961.44444444444,109551.29363871348,198371.5952501754,2025-10-17 21:55:00,0.4444444444444444,0.175584077173078,0.7133048117158108
2025-10-18 21:55:00,23729.010257050653,21820.841395477888,25637.17911862342,2025-10-18 21:55:00,153961.44444444444,109477.18245139146,198445.7064374974,2025-10-18 21:55:00,0.4444444444444444,0.17513334698662636,0.7137555419022625
2025-10-19 21:55:00,23731.133312536887,21819.77619667468,25642.490428399095,2025-10-19 21:55:00,153961.44444444444,109403.19452879594,198519.69436009292,2025-10-19 21:55:00,0.4444444444444444,0.17468336990148026,0.7142055189874086
2025-10-20 21:55:00,23733.25636802312,21818.71630721523,25647.796428831014,2025-10-20 21:55:00,153961.44444444444,109329.32925790861,198593.55963098025,2025-10-20 21:55:00,0.4444444444444444,0.1742341421552553,0.7146547467336335
2025-10-21 21:55:00,23735.379423509356,21817.66170066288,25653.09714635583,2025-10-21 21:55:00,153961.44444444444,109255.5860307755,198667.30285811337,2025-10-21 21:55:00,0.4444444444444444,0.17378566001679036,0.7151032288720984
2025-10-22 21:55:00,23737.50247899559,21816.612350799638,25658.39260719154,2025-10-22 21:55:00,153961.44444444444,109181.96424444852,198740.92464444035,2025-10-22 21:55:00,0.4444444444444444,0.17333791978578628,0.7155509691031026
2025-10-23 21:55:00,23739.625534481824,21815.568231623653,25663.682837339995,2025-10-23 21:55:00,153961.44444444444,109108.46330092804,198814.42558796084,2025-10-23 21:55:00,0.4444444444444444,0.17289091779244908,0.7159979710964397
2025-10-24 21:55:00,23741.748589968058,21814.52931734674,25668.967862589376,2025-10-24 21:55:00,153961.44444444444,109035.0826071061,198887.80628178277,2025-10-24 21:55:00,0.4444444444444444,0.17244465039713958,0.7164442384917493
2025-10-25 21:55:00,23743.871645454292,21813.495582391908,25674.247708516676,2025-10-25 21:55:00,153961.44444444444,108961.82157471072,198961.06731417816,2025-10-25 21:55:00,0.4444444444444444,0.17199911399002726,0.7168897748988616
2025-10-26 21:55:00,23745.994700940526,21812.467001390964,25679.52240049009,2025-10-26 21:55:00,153961.44444444444,108888.67962025074,199034.20926863814,2025-10-26 21:55:00,0.4444444444444444,0.17155430499074986,0.717334583898139
2025-10-27 21:55:00,23748.11775642676,21811.44354918213,25684.79196367139,2025-10-27 21:55:00,153961.44444444444,108815.65616496163,199107.23272392724,2025-10-27 21:55:00,0.4444444444444444,0.17111021984807745,0.7177786690408114
2025-10-28 21:55:00,23750.240811912994,21810.4252008077,25690.05642301829,2025-10-28 21:55:00,153961.44444444444,108742.75063475221,199180.13825413666,2025-10-28 21:55:00,0.4444444444444444,0.17066685503958184,0.718222033849307
2025-10-29 21:55:00,23752.36386739923,21809.411931511724,25695.315803286732,2025-10-29 21:55:00,153961.44444444444,108669.96246015173,199252.92642873715,2025-10-29 21:55:00,0.4444444444444444,0.1702242070713107,0.7186646818175781
2025-10-30 21:55:00,23754.486922885462,21808.403716737743,25700.57012903318,2025-10-30 21:55:00,153961.44444444444,108597.2910762582,199325.59781263067,2025-10-30 21:55:00,0.4444444444444444,0.1697822724774658,0.719106616411423
2025-10-31 21:55:00,23756.609978371696,21807.400532126532,25705.81942461686,2025-10-31 21:55:00,153961.44444444444,108524.73592268712,199398.15296620177,2025-10-31 21:55:00,0.4444444444444444,0.16934104782008708,0.7195478410688018
2025-11-01 21:55:00,23758.73303385793,21806.402353513906,25711.063714201955,2025-11-01 21:55:00,153961.44444444444,108452.29644352109,199470.59244536777,2025-11-01 21:55:00,0.4444444444444444,0.16890052968874025,0.7199883592001486
2025-11-02 21:55:00,23760.856089344165,21805.40915692852,25716.30302175981,2025-11-02 21:55:00,153961.44444444444,108379.97208726013,199542.91680162874,2025-11-02 21:55:00,0.4444444444444444,0.16846071470020918,0.7204281741886797
2025-11-03 21:55:00,23762.9791448304,21804.42091858974,25721.537371071056,2025-11-03 21:55:00,153961.44444444444,108307.76230677268,199615.12658211618,2025-11-03 21:55:00,0.4444444444444444,0.1680215994981929,0.720867289390696
2025-11-04 21:55:00,23765.102200316633,21803.437614905524,25726.76678572774,2025-11-04 21:55:00,153961.44444444444,108235.66655924733,199687.22232964155,2025-11-04 21:55:00,0.4444444444444444,0.16758318075300688,0.721305708135882
2025-11-05 21:55:00,23767.225255802867,21802.459222470316,25731.991289135418,2025-11-05 21:55:00,153961.44444444444,108163.68430614518,199759.2045827437,2025-11-05 21:55:00,0.4444444444444444,0.16714545516128815,0.7217434337276007
2025-11-06 21:55:00,23769.3483112891,21801.48571806301,25737.210904515192,2025-11-06 21:55:00,153961.44444444444,108091.81501315293,199831.07387573595,2025-11-06 21:55:00,0.4444444444444444,0.16670841944570514,0.7221804694431837
2025-11-07 21:55:00,23771.471366775335,21800.51707864491,25742.42565490576,2025-11-07 21:55:00,153961.44444444444,108020.0581501366,199902.83073875227,2025-11-07 21:55:00,0.4444444444444444,0.16627207035467134,0.7226168185342174
2025-11-08 21:55:00,23773.59442226157,21799.553281357737,25747.6355631654,2025-11-08 21:55:00,153961.44444444444,107948.41319109591,199974.47569779295,2025-11-08 21:55:00,0.4444444444444444,0.16583640466206306,0.7230524842268258
2025-11-09 21:55:00,23775.717477747803,21798.59430352165,25752.840651973955,2025-11-09 21:55:00,153961.44444444444,107876.8796141193,200046.00927476957,2025-11-09 21:55:00,0.4444444444444444,0.16540141916694123,0.7234874697219476
2025-11-10 21:55:00,23777.840533234037,21797.64012263331,25758.040943834763,2025-11-10 21:55:00,153961.44444444444,107805.45690133957,200117.4319875493,2025-11-10 21:55:00,0.4444444444444444,0.1649671106932767,0.7239217781956122
2025-11-11 21:55:00,23779.96358872027,21796.690716363955,25763.236461076587,2025-11-11 21:55:00,153961.44444444444,107734.1445388901,200188.74434999877,2025-11-11 21:55:00,0.4444444444444444,0.16453347608968,0.7243554127992089
2025-11-12 21:55:00,23782.086644206505,21795.74606255751,25768.4272258555,2025-11-12 21:55:00,153961.44444444444,107662.94201686181,200259.94687202707,2025-11-12 21:55:00,0.4444444444444444,0.16410051222913463,0.7247883766597543
2025-11-13 21:55:00,23784.20969969274,21794.806139228738,25773.61326015674,2025-11-13 21:55:00,153961.44444444444,107591.84882926047,200331.0400596284,2025-11-13 21:55:00,0.4444444444444444,0.16366821600873344,0.7252206728801553
2025-11-14 21:55:00,23786.332755178973,21793.87092456137,25778.794585796575,2025-11-14 21:55:00,153961.44444444444,107520.86447396496,200402.02441492392,2025-11-14 21:55:00,0.4444444444444444,0.16323658434941996,0.7256523045394689
2025-11-15 21:55:00,23788.455810665208,21792.94039690634,25783.971224424076,2025-11-15 21:55:00,153961.44444444444,107449.98845268569,200472.90043620317,2025-11-15 21:55:00,0.4444444444444444,0.1628056141957318,0.726083274693157
2025-11-16 21:55:00,23790.57886615144,21792.014534779937,25789.143197522946,2025-11-16 21:55:00,153961.44444444444,107379.22027092389,200543.66861796498,2025-11-16 21:55:00,0.4444444444444444,0.16237530251554877,0.7265135863733401
2025-11-17 21:55:00,23792.701921637676,21791.093316862105,25794.310526413246,2025-11-17 21:55:00,153961.44444444444,107308.55943793134,200614.32945095754,2025-11-17 21:55:00,0.4444444444444444,0.16194564629984382,0.726943242589045
2025-11-18 21:55:00,23794.82497712391,21790.176721994645,25799.473232253175,2025-11-18 21:55:00,153961.44444444444,107238.0054666707,200684.88342221818,2025-11-18 21:55:00,0.4444444444444444,0.16151664256243758,0.7273722463264513
2025-11-19 21:55:00,23796.948032610144,21789.264729179547,25804.63133604074,2025-11-19 21:55:00,153961.44444444444,107167.55787377627,200755.3310151126,2025-11-19 21:55:00,0.4444444444444444,0.16108828833975625,0.7278006005491326
2025-11-20 21:55:00,23799.071088096378,21788.357317577265,25809.78485861549,2025-11-20 21:55:00,153961.44444444444,107097.21617951544,200825.67270937344,2025-11-20 21:55:00,0.4444444444444444,0.16066058069059252,0.7282283081982963
2025-11-21 21:55:00,23801.194143582612,21787.454466505067,25814.933820660157,2025-11-21 21:55:00,153961.44444444444,107026.9799077505,200895.90898113837,2025-11-21 21:55:00,0.4444444444444444,0.16023351669587055,0.7286553721930182
2025-11-22 21:55:00,23803.317199068846,21786.556155435377,25820.078242702315,2025-11-22 21:55:00,153961.44444444444,106956.84858590105,200966.04030298782,2025-11-22 21:55:00,0.4444444444444444,0.15980709345841276,0.729081795430476
2025-11-23 21:55:00,23805.44025455508,21785.66236399415,25825.21814511601,2025-11-23 21:55:00,153961.44444444444,106886.821744907,201036.06714398187,2025-11-23 21:55:00,0.4444444444444444,0.159381308102711,0.7295075807861778
2025-11-24 21:55:00,23807.563310041314,21784.773071959287,25830.35354812334,2025-11-24 21:55:00,153961.44444444444,106816.89891919182,201105.98996969705,2025-11-24 21:55:00,0.4444444444444444,0.1589561577747003,0.7299327311141885
2025-11-25 21:55:00,23809.68636552755,21783.888259259023,25835.484471796073,2025-11-25 21:55:00,153961.44444444444,106747.07964662652,201175.80924226236,2025-11-25 21:55:00,0.4444444444444444,0.15853163964153544,0.7303572492473533
2025-11-26 21:55:00,23811.809421013782,21783.0079059704,25840.610936057165,2025-11-26 21:55:00,153961.44444444444,106677.36346849398,201245.5254203949,2025-11-26 21:55:00,0.4444444444444444,0.15810775089137108,0.7307811379975178
2025-11-27 21:55:00,23813.932476500016,21782.131992317696,25845.732960682337,2025-11-27 21:55:00,153961.44444444444,106607.74992945383,201315.13895943505,2025-11-27 21:55:00,0.4444444444444444,0.15768448873314406,0.7312044001557447
2025-11-28 21:55:00,23816.05553198625,21781.260498670927,25850.850565301575,2025-11-28 21:55:00,153961.44444444444,106538.2385775077,201384.65031138118,2025-11-28 21:55:00,0.4444444444444444,0.15726185039635932,0.7316270384925295
2025-11-29 21:55:00,23818.178587472485,21780.393405544346,25855.963769400623,2025-11-29 21:55:00,153961.44444444444,106468.82896396499,201454.05992492387,2025-11-29 21:55:00,0.4444444444444444,0.15683983313087807,0.7320490557580108
2025-11-30 21:55:00,23820.30164295872,21779.530693594952,25861.072592322485,2025-11-30 21:55:00,153961.44444444444,106399.52064340914,201523.36824547974,2025-11-30 21:55:00,0.4444444444444444,0.1564184342067093,0.7324704546821795
2025-12-01 21:55:00,23822.424698444953,21778.67234362104,25866.177053268864,2025-12-01 21:55:00,153961.44444444444,106330.3131736642,201592.57571522467,2025-12-01 21:55:00,0.4444444444444444,0.15599765091380352,0.7328912379750854
2025-12-02 21:55:00,23824.547753931187,21777.818336560766,25871.277171301608,2025-12-02 21:55:00,153961.44444444444,106261.20611576193,201661.68277312693,2025-12-02 21:55:00,0.4444444444444444,0.15557748056184928,0.7333114083270396
2025-12-03 21:55:00,23826.67080941742,21776.968653490698,25876.372965344144,2025-12-03 21:55:00,153961.44444444444,106192.19903390939,201730.6898549795,2025-12-03 21:55:00,0.4444444444444444,0.15515792048007299,0.7337309684088158
2025-12-04 21:55:00,23828.793864903655,21776.123275624446,25881.464454182864,2025-12-04 21:55:00,153961.44444444444,106123.2914954568,201799.59739343208,2025-12-04 21:55:00,0.4444444444444444,0.1547389680170404,0.7341499208718485
2025-12-05 21:55:00,23830.91692038989,21775.282184311265,25886.551656468513,2025-12-05 21:55:00,153961.44444444444,106054.48307086588,201868.405818023,2025-12-05 21:55:00,0.4444444444444444,0.1543206205404612,0.7345682683484276
2025-12-06 21:55:00,23833.039975876123,21774.44536103467,25891.634590717575,2025-12-06 21:55:00,153961.44444444444,105985.77333367874,201937.11555521016,2025-12-06 21:55:00,0.4444444444444444,0.15390287543699627,0.7349860134518926
2025-12-07 21:55:00,23835.163031362357,21773.612787411115,25896.7132753136,2025-12-07 21:55:00,153961.44444444444,105917.16186048684,202005.72702840203,2025-12-07 21:55:00,0.4444444444444444,0.15348573011206684,0.7354031587768219
2025-12-08 21:55:00,23837.28608684859,21772.784445188645,25901.787728508538,2025-12-08 21:55:00,153961.44444444444,105848.64823090076,202074.24065798812,2025-12-08 21:55:00,0.4444444444444444,0.153069181989667,0.7358197068992218
2025-12-09 21:55:00,23839.409142334825,21771.96031624558,25906.857968424072,2025-12-09 21:55:00,153961.44444444444,105780.23202751999,202142.6568613689,2025-12-09 21:55:00,0.4444444444444444,0.15265322851217766,0.7362356603767112
2025-12-10 21:55:00,23841.53219782106,21771.14038258922,25911.9240130529,2025-12-10 21:55:00,153961.44444444444,105711.91283590335,202210.97605298553,2025-12-10 21:55:00,0.4444444444444444,0.15223786714018345,0.7366510217487054
2025-12-11 21:55:00,23843.655253307294,21770.32462635457,25916.985880260017,2025-12-11 21:55:00,153961.44444444444,105643.69024453964,202279.19864434924,2025-12-11 21:55:00,0.4444444444444444,0.15182309535229194,0.737065793536597
2025-12-12 21:55:00,23845.778308793528,21769.51302980306,25922.043587783995,2025-12-12 21:55:00,153961.44444444444,105575.5638448188,202347.32504407008,2025-12-12 21:55:00,0.4444444444444444,0.1514089106449551,0.7374799782439337
2025-12-13 21:55:00,23847.90136427976,21768.70557532131,25927.097153238214,2025-12-13 21:55:00,153961.44444444444,105507.53323100325,202415.3556578856,2025-12-13 21:55:00,0.4444444444444444,0.15099531053229265,0.7378935783565962
2025-12-14 21:55:00,23850.024419765996,21767.90224541989,25932.146594112102,2025-12-14 21:55:00,153961.44444444444,105439.59800019983,202483.29088868905,2025-12-14 21:55:00,0.4444444444444444,0.15058229254591854,0.7383065963429702
2025-12-15 21:55:00,23852.14747525223,21767.103022732106,25937.191927772354,2025-12-15 21:55:00,153961.44444444444,105371.75775233183,202551.13113655703,2025-12-15 21:55:00,0.4444444444444444,0.15016985423476864,0.7387190346541201
2025-12-16 21:55:00,23854.270530738464,21766.307890012788,25942.23317146414,2025-12-16 21:55:00,153961.44444444444,105304.01209011159,202618.8767987773,2025-12-16 21:55:00,0.4444444444444444,0.14975799316493116,0.7391308957239577
2025-12-17 21:55:00,23856.393586224698,21765.516830137116,25947.27034231228,2025-12-17 21:55:00,153961.44444444444,105236.36061901333,202686.52826987556,2025-12-17 21:55:00,0.4444444444444444,0.14934670691947927,0.7395421819694096
2025-12-18 21:55:00,23858.516641710932,21764.72982609944,25952.303457322425,2025-12-18 21:55:00,153961.44444444444,105168.80294724632,202754.08594164255,2025-12-18 21:55:00,0.4444444444444444,0.14893599309830513,0.7399528957905837
2025-12-19 21:55:00,23860.639697197166,21763.94686101212,25957.332533382214,2025-12-19 21:55:00,153961.44444444444,105101.33868572843,202821.55020316044,2025-12-19 21:55:00,0.4444444444444444,0.14852584931795715,0.7403630395709317
2025-12-20 21:55:00,23862.7627526834,21763.167918104384,25962.357587262417,2025-12-20 21:55:00,153961.44444444444,105033.96744806005,202888.92144082882,2025-12-20 21:55:00,0.4444444444444444,0.14811627321147808,0.7407726156774108
2025-12-21 21:55:00,23864.885808169634,21762.392980721208,25967.37863561806,2025-12-21 21:55:00,153961.44444444444,104966.68885049812,202956.20003839076,2025-12-21 21:55:00,0.4444444444444444,0.1477072624282459,0.741181626460643
2025-12-22 21:55:00,23867.00886365587,21761.62203232219,25972.395694989547,2025-12-22 21:55:00,153961.44444444444,104899.50251193072,203023.38637695817,2025-12-22 21:55:00,0.4444444444444444,0.14729881463381633,0.7415900742550725
2025-12-23 21:55:00,23869.131919142103,21760.85505648045,25977.408781803755,2025-12-23 21:55:00,153961.44444444444,104832.40805385198,203090.4808350369,2025-12-23 21:55:00,0.4444444444444444,0.1468909275097674,0.7419979613791214
2025-12-24 21:55:00,23871.254974628337,21760.092036881546,25982.417912375127,2025-12-24 21:55:00,153961.44444444444,104765.40510033697,203157.4837885519,2025-12-24 21:55:00,0.4444444444444444,0.14648359875354588,0.742405290135343
2025-12-25 21:55:00,23873.37803011457,21759.332957322404,25987.423102906738,2025-12-25 21:55:00,153961.44444444444,104698.49327801733,203224.39561087155,2025-12-25 21:55:00,0.4444444444444444,0.14607682607831585,0.742812062810573
2025-12-26 21:55:00,23875.501085600805,21758.577801710235,25992.424369491375,2025-12-26 21:55:00,153961.44444444444,104631.6722160569,203291.21667283197,2025-12-26 21:55:00,0.4444444444444444,0.1456706072128085,0.7432182816760804
2025-12-27 21:55:00,23877.62414108704,21757.826554061518,25997.42172811256,2025-12-27 21:55:00,153961.44444444444,104564.94154612778,203357.9473427611,2025-12-27 21:55:00,0.4444444444444444,0.14526493990117462,0.7436239489877142
2025-12-28 21:55:00,23879.747196573273,21757.07919850094,26002.415194645608,2025-12-28 21:55:00,153961.44444444444,104498.3009023866,203424.58798650227,2025-12-28 21:55:00,0.4444444444444444,0.14485982190283814,0.7440290669860508
2025-12-29 21:55:00,23881.870252059507,21756.33571926038,26007.404784858634,2025-12-29 21:55:00,153961.44444444444,104431.74992145116,203491.13896743773,2025-12-29 21:55:00,0.4444444444444444,0.14445525099235185,0.744433637896537
2025-12-30 21:55:00,23883.99330754574,21755.596100677907,26012.390514413575,2025-12-30 21:55:00,153961.44444444444,104365.28824237731,203557.60064651156,2025-12-30 21:55:00,0.4444444444444444,0.14405122495925476,0.7448376639296341
2025-12-31 21:55:00,23886.116363031975,21754.860327196773,26017.372398867177,2025-12-31 21:55:00,153961.44444444444,104298.91550663608,203623.9733822528,2025-12-31 21:55:00,0.4444444444444444,0.1436477416079312,0.7452411472809577
2026-01-01 21:55:00,23888.23941851821,21754.12838336442,26022.350453672,2026-01-01 21:55:00,153961.44444444444,104232.63135809111,203690.25753079777,2026-01-01 21:55:00,0.4444444444444444,0.1432447987574716,0.7456440901314172
2026-01-02 21:55:00,23890.362474004443,21753.400253831525,26027.32469417736,2026-01-02 21:55:00,153961.44444444444,104166.43544297645,203756.45344591243,2026-01-02 21:55:00,0.4444444444444444,0.14284239424153505,0.7460464946473537
2026-01-03 21:55:00,23892.485529490677,21752.67592335102,26032.295135630335,2026-01-03 21:55:00,153961.44444444444,104100.32740987442,203822.56147901446,2026-01-03 21:55:00,0.4444444444444444,0.14244052590821316,0.7464483629806757
2026-01-04 21:55:00,23894.60858497691,21751.955376777147,26037.261793176676,2026-01-04 21:55:00,153961.44444444444,104034.30690969384,203888.58197919503,2026-01-04 21:55:00,0.4444444444444444,0.1420391916198962,0.7468496972689926
2026-01-05 21:55:00,23896.731640463146,21751.238599064516,26042.224681861775,2026-01-05 21:55:00,153961.44444444444,103968.37359564868,203954.5152932402,2026-01-05 21:55:00,0.4444444444444444,0.1416383892531401,0.7472504996357487
2026-01-06 21:55:00,23898.85469594938,21750.525575267187,26047.183816631572,2026-01-06 21:55:00,153961.44444444444,103902.52712323658,204020.3617656523,2026-01-06 21:55:00,0.4444444444444444,0.14123811669853548,0.7476507721903534
2026-01-07 21:55:00,23900.977751435614,21749.81629053773,26052.1392123335,2026-01-07 21:55:00,153961.44444444444,103836.76715021803,204086.12173867086,2026-01-07 21:55:00,0.4444444444444444,0.14083837186057818,0.7480505170283107
2026-01-08 21:55:00,23903.100806921848,21749.110730126344,26057.090883717352,2026-01-08 21:55:00,153961.44444444444,103771.09333659554,204151.79555229333,2026-01-08 21:55:00,0.4444444444444444,0.14043915265754114,0.7484497362313477
2026-01-09 21:55:00,23905.223862408082,21748.40887937994,26062.038845436226,2026-01-09 21:55:00,153961.44444444444,103705.50534459317,204217.3835442957,2026-01-09 21:55:00,0.4444444444444444,0.14004045702134826,0.7488484318675406
2026-01-10 21:55:00,23907.346917894316,21747.71072374126,26066.983112047372,2026-01-10 21:55:00,153961.44444444444,103640.00283863617,204282.8860502527,2026-01-10 21:55:00,0.4444444444444444,0.13964228289744884,0.74924660599144
2026-01-11 21:55:00,23909.46997338055,21747.016248748027,26071.923698013074,2026-01-11 21:55:00,153961.44444444444,103574.58548533107,204348.3034035578,2026-01-11 21:55:00,0.4444444444444444,0.13924462824469452,0.7496442606441943
2026-01-12 21:55:00,23911.593028866784,21746.32544003203,26076.86061770154,2026-01-12 21:55:00,153961.44444444444,103509.2529534458,204413.63593544308,2026-01-12 21:55:00,0.4444444444444444,0.1388474910352171,0.7500413978536717
2026-01-13 21:55:00,23913.71608435302,21745.638283318316,26081.79388538772,2026-01-13 21:55:00,153961.44444444444,103444.00491389018,204478.8839749987,2026-01-13 21:55:00,0.4444444444444444,0.13845086925430788,0.750438019634581
2026-01-14 21:55:00,23915.839139839252,21744.95476442433,26086.723515254176,2026-01-14 21:55:00,153961.44444444444,103378.84103969649,204544.0478491924,2026-01-14 21:55:00,0.4444444444444444,0.13805476090029817,0.7508341279885906
2026-01-15 21:55:00,23917.962195325486,21744.274869259054,26091.64952139192,2026-01-15 21:55:00,153961.44444444444,103313.76100600048,204609.1278828884,2026-01-15 21:55:00,0.4444444444444444,0.13765916398444195,0.7512297249044468
2026-01-16 21:55:00,23920.08525081172,21743.598583822226,26096.571917801215,2026-01-16 21:55:00,153961.44444444444,103248.76449002237,204674.1243988665,2026-01-16 21:55:00,0.4444444444444444,0.1372640765307988,0.75162481235809
2026-01-17 21:55:00,23922.208306297955,21742.9258942035,26101.490718392408,2026-01-17 21:55:00,153961.44444444444,103183.85117104821,204739.03771784066,2026-01-17 21:55:00,0.4444444444444444,0.13686949657611913,0.7520193923127697
2026-01-18 21:55:00,23924.33136178419,21742.256786581635,26106.405936986743,2026-01-18 21:55:00,153961.44444444444,103119.02073041143,204803.86815847745,2026-01-18 21:55:00,0.4444444444444444,0.13647542216973035,0.7524134667191584
2026-01-19 21:55:00,23926.454417270423,21741.591247223703,26111.317587317142,2026-01-19 21:55:00,153961.44444444444,103054.27285147458,204868.6160374143,2026-01-19 21:55:00,0.4444444444444444,0.13608185137342416,0.7528070375154647
2026-01-20 21:55:00,23928.577472756657,21740.92926248431,26116.225683029003,2026-01-20 21:55:00,153961.44444444444,102989.60721961127,204933.2816692776,2026-01-20 21:55:00,0.4444444444444444,0.13568878226134545,0.7532001066275433
2026-01-21 21:55:00,23930.70052824289,21740.270818804813,26121.13023768097,2026-01-21 21:55:00,153961.44444444444,102925.02352218833,204997.86536670054,2026-01-21 21:55:00,0.4444444444444444,0.1352962129198823,0.7535926759690066
2026-01-22 21:55:00,23932.823583729125,21739.615902712532,26126.031264745718,2026-01-22 21:55:00,153961.44444444444,102860.52144854824,205062.36744034063,2026-01-22 21:55:00,0.4444444444444444,0.13490414144755747,0.7539847474413314
2026-01-23 21:55:00,23934.94663921536,21738.96450082002,26130.928777610698,2026-01-23 21:55:00,153961.44444444444,102796.10068999161,205126.78819889727,2026-01-23 21:55:00,0.4444444444444444,0.13451256595492073,0.7543763229339682
2026-01-24 21:55:00,23937.069694701593,21738.316599824284,26135.822789578902,2026-01-24 21:55:00,153961.44444444444,102731.76093976,205191.12794912886,2026-01-24 21:55:00,0.4444444444444444,0.13412148456444262,0.7547674043244462
2026-01-25 21:55:00,23939.192750187827,21737.672186506046,26140.713313869608,2026-01-25 21:55:00,153961.44444444444,102667.50189301885,205255.38699587004,2026-01-25 21:55:00,0.4444444444444444,0.13373089541040967,0.7551579934784791
2026-01-26 21:55:00,23941.31580567406,21737.031247729028,26145.600363619094,2026-01-26 21:55:00,153961.44444444444,102603.32324684065,205319.56564204823,2026-01-26 21:55:00,0.4444444444444444,0.13334079663882026,0.7555480922500686
2026-01-27 21:55:00,23943.438861160295,21736.393770439194,26150.483951881397,2026-01-27 21:55:00,153961.44444444444,102539.22470018824,205383.66418870064,2026-01-27 21:55:00,0.4444444444444444,0.13295118640728215,0.7559377024816067
