Actual_Meteor_Count,Predicted_Meteor_Count
0.0,0.0
0.0,0.0
0.0,0.0
0.0,0.0
0.0,0.0
232839.0,232841.07333333333
330948.0,330947.76
0.0,0.0
243991.0,243990.52
0.0,0.0
330750.0,330752.11333333334
0.0,0.0
0.0,0.0
331239.0,331237.7866666667
0.0,0.0
0.0,0.0
0.0,0.0
0.0,0.0
0.0,0.0
273792.0,273790.17333333334
0.0,0.0
289237.0,289238.94
347878.0,347889.18
0.0,0.0
0.0,0.0
0.0,0.0
0.0,0.0
0.0,0.0
0.0,0.0
224205.0,224205.09333333332
252723.0,252722.92
233456.0,233455.44
243886.0,243887.43333333332
0.0,0.0
0.0,0.0
0.0,0.0
0.0,0.0
0.0,0.0
0.0,0.0
0.0,0.0
318979.0,318977.64666666667
331441.0,331439.7866666667
0.0,0.0
251644.0,251643.30666666667
0.0,0.0
346075.0,346076.72
0.0,0.0
359875.0,359874.5133333333
0.0,0.0
223582.0,223577.47333333333
0.0,0.0
345372.0,345370.48
331028.0,331027.79333333333
348780.0,348779.7733333333
302032.0,302032.84
0.0,0.0
0.0,0.0
0.0,0.0
318843.0,318846.64666666667
341900.0,341897.63333333336
0.0,0.0
0.0,0.0
0.0,0.0
0.0,0.0
0.0,0.0
0.0,0.0
224397.0,224396.64666666667
347936.0,347936.1533333333
0.0,0.0
0.0,0.0
224015.0,224015.46666666667
0.0,0.0
333766.0,333765.08
0.0,0.0
0.0,0.0
0.0,0.0
0.0,0.0
0.0,0.0
219273.0,219271.58
0.0,0.0
0.0,0.0
252078.0,252078.39333333334
0.0,0.0
0.0,0.0
0.0,0.0
346492.0,346489.1666666667
274899.0,274898.6666666667
0.0,0.0
0.0,0.0
0.0,0.0
224058.0,224055.29333333333
272270.0,272273.23333333334
0.0,0.0
0.0,0.0
331470.0,331469.9533333333
0.0,0.0
0.0,0.0
252282.0,252285.24
253305.0,253310.08666666667
0.0,0.0
243979.0,243978.84666666668
0.0,0.0
0.0,0.0
0.0,0.0
302926.0,302928.17333333334
0.0,0.0
0.0,0.0
0.0,0.0
0.0,0.0
223548.0,223547.12666666668
0.0,0.0
345483.0,345481.38
0.0,0.0
223356.0,223343.24
272611.0,272610.88
0.0,0.0
0.0,0.0
0.0,0.0
287115.0,287111.44
302709.0,302707.9533333333
319051.0,319051.76
348831.0,348828.80666666664
0.0,0.0
0.0,0.0
0.0,0.0
0.0,0.0
349043.0,349045.74666666664
0.0,0.0
322298.0,322295.62666666665
350780.0,350711.1666666667
223656.0,223654.91333333333
0.0,0.0
272185.0,272185.4666666667
0.0,0.0
274510.0,274510.0333333333
0.0,0.0
318849.0,318848.0933333333
304447.0,304425.36
0.0,0.0
286745.0,286745.12
305516.0,305515.9066666667
0.0,0.0
0.0,0.0
0.0,0.0
0.0,0.0
288987.0,288985.62
232681.0,232680.88666666666
224847.0,224846.92
0.0,0.0
0.0,0.0
0.0,0.0
223603.0,223602.55333333334
0.0,0.0
251960.0,251961.02666666667
0.0,0.0
223565.0,223565.19333333333
0.0,0.0
0.0,0.0
0.0,0.0
0.0,0.0
346576.0,346576.08666666667
0.0,0.0
0.0,0.0
302326.0,302312.9733333333
0.0,0.0
0.0,0.0
0.0,0.0
0.0,0.0
331062.0,331063.67333333334
303433.0,303430.00666666665
0.0,0.0
0.0,0.0
0.0,0.0
0.0,0.0
0.0,0.0
0.0,0.0
256597.0,256597.35333333333
251954.0,251955.86
0.0,0.0
349041.0,349042.96
0.0,0.0
248909.0,249046.34666666668
0.0,0.0
0.0,0.0
361788.0,361788.00666666665
346608.0,346606.05333333334
319261.0,319259.6533333333
0.0,0.0
243882.0,243878.57333333333
0.0,0.0
0.0,0.0
0.0,0.0
0.0,0.0
331453.0,331454.0266666667
286193.0,286190.94
223288.0,223288.45333333334
0.0,0.0
0.0,0.0
303532.0,303531.68
0.0,0.0
330876.0,330875.46
0.0,0.0
0.0,0.0
0.0,0.0
347934.0,347934.1533333333
0.0,0.0
251685.0,251685.04
233177.0,233192.81333333332
0.0,0.0
251727.0,251726.36666666667
0.0,0.0
273263.0,273262.37333333335
331249.0,331245.70666666667
273262.0,273262.37333333335
0.0,0.0
345583.0,345583.9866666667
274758.0,274754.3
288886.0,288883.75333333336
0.0,0.0
0.0,0.0
0.0,0.0
0.0,0.0
0.0,0.0
223554.0,223553.54666666666
0.0,0.0
0.0,0.0
318590.0,318592.56
223236.0,223233.97333333333
0.0,0.0
303372.0,303372.94
0.0,0.0
0.0,0.0
0.0,0.0
0.0,0.0
346486.0,346486.82
0.0,0.0
0.0,0.0
0.0,0.0
0.0,0.0
0.0,0.0
0.0,0.0
0.0,0.0
0.0,0.0
0.0,0.0
0.0,0.0
0.0,0.0
0.0,0.0
359971.0,359969.87333333335
319852.0,319856.36
301750.0,301748.86
331461.0,331460.54
0.0,0.0
303452.0,303451.3466666667
0.0,0.0
0.0,0.0
346462.0,346461.41333333333
0.0,0.0
303937.0,303937.4733333333
0.0,0.0
0.0,0.0
0.0,0.0
0.0,0.0
272526.0,272525.29333333333
223483.0,223481.66
0.0,0.0
0.0,0.0
0.0,0.0
0.0,0.0
319367.0,319367.68666666665
223723.0,223722.51333333334
0.0,0.0
305213.0,305213.2866666667
0.0,0.0
232746.0,232745.32
274635.0,274635.74
233327.0,233320.26
322134.0,322132.4266666667
251599.0,251599.12
288682.0,288687.0733333333
303203.0,303202.2
0.0,0.0
255060.0,255059.72
223913.0,223914.35333333333
253112.0,253106.84666666668
0.0,0.0
0.0,0.0
0.0,0.0
252888.0,252881.14666666667
288820.0,288825.79333333333
0.0,0.0
0.0,0.0
0.0,0.0
0.0,0.0
349398.0,349402.3333333333
0.0,0.0
0.0,0.0
0.0,0.0
273992.0,273992.1666666667
252139.0,252137.22666666665
233497.0,233499.15333333332
0.0,0.0
0.0,0.0
274659.0,274657.62
232897.0,232898.2
303817.0,303815.72
0.0,0.0
0.0,0.0
0.0,0.0
322440.0,322449.94
0.0,0.0
0.0,0.0
272203.0,272205.12
0.0,0.0
0.0,0.0
0.0,0.0
0.0,0.0
0.0,0.0
0.0,0.0
0.0,0.0
0.0,0.0
302597.0,302597.88
0.0,0.0
0.0,0.0
331098.0,331096.70666666667
0.0,0.0
0.0,0.0
0.0,0.0
0.0,0.0
0.0,0.0
251794.0,251779.41333333333
0.0,0.0
319431.0,319429.42
302976.0,302975.69333333336
0.0,0.0
233195.0,233194.43333333332
0.0,0.0
223786.0,223785.60666666666
253238.0,253238.50666666665
0.0,0.0
243822.0,243822.34
274083.0,274082.14
0.0,0.0
0.0,0.0
0.0,0.0
345369.0,345368.88666666666
331525.0,331523.5133333333
0.0,0.0
0.0,0.0
0.0,0.0
0.0,0.0
0.0,0.0
0.0,0.0
0.0,0.0
252667.0,252668.40666666668
303384.0,303382.61333333334
244356.0,244353.0
0.0,0.0
0.0,0.0
218324.0,218326.66666666666
0.0,0.0
0.0,0.0
0.0,0.0
301862.0,301865.66
0.0,0.0
223402.0,223402.0
0.0,0.0
0.0,0.0
0.0,0.0
0.0,0.0
251867.0,251868.74666666667
334215.0,334214.36
0.0,0.0
0.0,0.0
256562.0,256563.52
252086.0,252085.12
0.0,0.0
0.0,0.0
0.0,0.0
348687.0,348685.5
232482.0,232482.33333333334
319125.0,319125.0466666667
0.0,0.0
0.0,0.0
218321.0,218326.07333333333
0.0,0.0
277205.0,277204.5133333333
0.0,0.0
0.0,0.0
233089.0,233092.30666666667
0.0,0.0
0.0,0.0
273995.0,273994.85333333333
0.0,0.0
0.0,0.0
0.0,0.0
253316.0,253317.88666666666
0.0,0.0
0.0,0.0
255022.0,255022.06
286526.0,286527.42
0.0,0.0
0.0,0.0
272083.0,272083.93333333335
0.0,0.0
0.0,0.0
289110.0,289107.56666666665
304952.0,304954.48
0.0,0.0
0.0,0.0
0.0,0.0
318663.0,318665.80666666664
0.0,0.0
0.0,0.0
257046.0,257063.62
0.0,0.0
333753.0,333751.76666666666
223424.0,223422.49333333335
256730.0,256728.89333333334
0.0,0.0
233194.0,233194.34
286290.0,286290.35333333333
305171.0,305171.6533333333
0.0,0.0
275105.0,275104.5733333333
0.0,0.0
273264.0,273264.99333333335
0.0,0.0
0.0,0.0
0.0,0.0
0.0,0.0
0.0,0.0
0.0,0.0
241911.0,241910.98666666666
0.0,0.0
345858.0,345855.36666666664
286173.0,286173.0133333333
331352.0,331352.74
0.0,0.0
0.0,0.0
0.0,0.0
0.0,0.0
223621.0,223622.31333333332
0.0,0.0
0.0,0.0
0.0,0.0
333561.0,333555.9733333333
0.0,0.0
0.0,0.0
0.0,0.0
0.0,0.0
0.0,0.0
330935.0,330936.30666666664
0.0,0.0
244073.0,244076.35333333333
0.0,0.0
275064.0,275065.49333333335
0.0,0.0
0.0,0.0
0.0,0.0
273218.0,273217.58666666667
0.0,0.0
0.0,0.0
289211.0,289207.6
0.0,0.0
0.0,0.0
0.0,0.0
0.0,0.0
303434.0,303432.4
252350.0,252350.06666666668
0.0,0.0
0.0,0.0
289517.0,289521.12
319877.0,319880.46
0.0,0.0
288731.0,288733.2866666667
274242.0,274241.9666666667
0.0,0.0
331305.0,331305.7133333333
224366.0,224366.32666666666
224269.0,224268.75333333333
0.0,0.0
0.0,0.0
332852.0,332861.58666666667
0.0,0.0
0.0,0.0
252355.0,252354.10666666666
0.0,0.0
302768.0,302771.4
0.0,0.0
0.0,0.0
241893.0,241896.85333333333
330905.0,330906.2866666667
0.0,0.0
0.0,0.0
286733.0,286733.0
0.0,0.0
0.0,0.0
0.0,0.0
0.0,0.0
286716.0,286715.6
0.0,0.0
0.0,0.0
286704.0,286703.79333333333
0.0,0.0
302337.0,302317.0733333333
253718.0,253718.16666666666
0.0,0.0
0.0,0.0
0.0,0.0
0.0,0.0
0.0,0.0
257113.0,257107.48
345576.0,345573.38666666666
0.0,0.0
349039.0,349039.80666666664
253012.0,253008.78666666665
0.0,0.0
224204.0,224203.34666666668
0.0,0.0
0.0,0.0
348750.0,348752.0
223745.0,223743.60666666666
274473.0,274472.99333333335
273390.0,273389.2266666667
0.0,0.0
0.0,0.0
348736.0,348735.9866666667
303088.0,303087.5933333333
0.0,0.0
0.0,0.0
0.0,0.0
0.0,0.0
224051.0,224051.57333333333
0.0,0.0
232971.0,232970.52
0.0,0.0
0.0,0.0
0.0,0.0
0.0,0.0
0.0,0.0
345730.0,345728.73333333334
0.0,0.0
303901.0,303898.96
0.0,0.0
303355.0,303356.7133333333
0.0,0.0
224235.0,224230.82
0.0,0.0
0.0,0.0
331278.0,331274.2133333333
0.0,0.0
0.0,0.0
255425.0,255424.90666666668
275049.0,275048.9733333333
0.0,0.0
0.0,0.0
0.0,0.0
0.0,0.0
224176.0,224174.22666666665
0.0,0.0
0.0,0.0
0.0,0.0
0.0,0.0
233364.0,233362.19333333333
232669.0,232668.88666666666
0.0,0.0
274141.0,274141.38666666666
0.0,0.0
274086.0,274083.6066666667
0.0,0.0
0.0,0.0
0.0,0.0
232749.0,232749.05333333334
0.0,0.0
0.0,0.0
0.0,0.0
303314.0,303316.86666666664
0.0,0.0
224010.0,224009.68666666668
224136.0,224135.94666666666
0.0,0.0
319995.0,319994.8
0.0,0.0
0.0,0.0
0.0,0.0
0.0,0.0
0.0,0.0
286714.0,286714.74
0.0,0.0
0.0,0.0
0.0,0.0
0.0,0.0
252135.0,252135.82
286791.0,286791.14
0.0,0.0
273012.0,273013.7733333333
0.0,0.0
0.0,0.0
0.0,0.0
0.0,0.0
0.0,0.0
344029.0,343962.7
0.0,0.0
224104.0,224105.8
303220.0,303219.68
303073.0,303073.58666666667
302068.0,302066.61333333334
0.0,0.0
272724.0,272725.73333333334
0.0,0.0
0.0,0.0
0.0,0.0
0.0,0.0
0.0,0.0
0.0,0.0
223484.0,223484.85333333333
0.0,0.0
0.0,0.0
0.0,0.0
0.0,0.0
0.0,0.0
0.0,0.0
0.0,0.0
0.0,0.0
302804.0,302804.85333333333
0.0,0.0
0.0,0.0
302110.0,302115.56
0.0,0.0
286815.0,286815.58
0.0,0.0
0.0,0.0
224115.0,224114.80666666667
0.0,0.0
223620.0,223622.15333333332
275862.0,275861.70666666667
0.0,0.0
301748.0,301748.36
0.0,0.0
0.0,0.0
0.0,0.0
256604.0,256605.78
0.0,0.0
0.0,0.0
0.0,0.0
0.0,0.0
323824.0,323805.49333333335
0.0,0.0
0.0,0.0
301942.0,301939.36
0.0,0.0
0.0,0.0
302072.0,302065.73333333334
252480.0,252480.14666666667
0.0,0.0
251806.0,251804.22
303716.0,303709.82666666666
0.0,0.0
319026.0,319027.06666666665
0.0,0.0
305386.0,305386.49333333335
0.0,0.0
0.0,0.0
274435.0,274434.91333333333
0.0,0.0
0.0,0.0
0.0,0.0
0.0,0.0
0.0,0.0
0.0,0.0
0.0,0.0
223418.0,223418.34666666668
0.0,0.0
233364.0,233363.86
233708.0,233706.48666666666
0.0,0.0
0.0,0.0
224137.0,224136.12666666668
346475.0,346472.88666666666
0.0,0.0
331581.0,331586.50666666665
0.0,0.0
0.0,0.0
331321.0,331319.5466666667
0.0,0.0
331262.0,331261.14
0.0,0.0
0.0,0.0
0.0,0.0
303041.0,303041.42
0.0,0.0
0.0,0.0
224248.0,224246.12
0.0,0.0
0.0,0.0
0.0,0.0
0.0,0.0
330978.0,330977.36666666664
253404.0,253403.45333333334
0.0,0.0
345110.0,345106.43333333335
0.0,0.0
233861.0,233859.90666666668
319875.0,319866.12666666665
0.0,0.0
289848.0,289871.46
0.0,0.0
0.0,0.0
346941.0,346941.38666666666
233638.0,233637.28666666665
252329.0,252321.72666666665
253421.0,253414.88666666666
0.0,0.0
0.0,0.0
0.0,0.0
0.0,0.0
274102.0,274103.79333333333
0.0,0.0
0.0,0.0
0.0,0.0
0.0,0.0
318715.0,318716.44
302916.0,302916.1666666667
0.0,0.0
273596.0,273595.44666666666
319468.0,319464.22
223461.0,223461.98
0.0,0.0
0.0,0.0
0.0,0.0
0.0,0.0
0.0,0.0
333793.0,333776.54
0.0,0.0
0.0,0.0
319350.0,319350.11333333334
0.0,0.0
287246.0,287236.5466666667
0.0,0.0
0.0,0.0
0.0,0.0
0.0,0.0
0.0,0.0
255063.0,255063.18
243821.0,243825.68666666668
274282.0,274282.6
253473.0,253472.79333333333
274113.0,274112.3933333333
0.0,0.0
253316.0,253317.88666666666
301772.0,301771.29333333333
256494.0,256494.33333333334
348196.0,348194.38
0.0,0.0
0.0,0.0
224378.0,224377.72666666665
252825.0,252825.95333333334
255510.0,255510.86666666667
0.0,0.0
0.0,0.0
0.0,0.0
361805.0,361805.06666666665
289218.0,289218.14
319372.0,319371.05333333334
0.0,0.0
0.0,0.0
0.0,0.0
252187.0,252178.48666666666
332869.0,332868.72
0.0,0.0
223807.0,223804.44666666666
0.0,0.0
252706.0,252707.25333333333
0.0,0.0
322102.0,322101.48
0.0,0.0
0.0,0.0
234029.0,234028.5
0.0,0.0
224208.0,224208.35333333333
0.0,0.0
0.0,0.0
0.0,0.0
0.0,0.0
0.0,0.0
255037.0,255036.7
274908.0,274905.4066666667
0.0,0.0
333009.0,333011.54
224146.0,224146.1
0.0,0.0
0.0,0.0
345478.0,345478.32
0.0,0.0
224107.0,224107.07333333333
348055.0,348054.86666666664
0.0,0.0
0.0,0.0
223736.0,223734.51333333334
0.0,0.0
272077.0,272075.4266666667
287098.0,287111.44
273831.0,273829.4
0.0,0.0
0.0,0.0
232911.0,232910.85333333333
274382.0,274375.8333333333
256480.0,256480.10666666666
0.0,0.0
0.0,0.0
289133.0,289134.55333333334
0.0,0.0
232592.0,232588.39333333334
252131.0,252130.02666666667
348055.0,348054.86666666664
0.0,0.0
0.0,0.0
0.0,0.0
0.0,0.0
0.0,0.0
0.0,0.0
332898.0,332898.13333333336
274509.0,274509.1533333333
0.0,0.0
0.0,0.0
233354.0,233358.37333333332
348209.0,348207.72
0.0,0.0
0.0,0.0
0.0,0.0
0.0,0.0
224193.0,224194.2
0.0,0.0
0.0,0.0
0.0,0.0
0.0,0.0
252706.0,252707.00666666665
0.0,0.0
234096.0,234094.78666666665
0.0,0.0
273190.0,273191.20666666667
242225.0,242222.90666666668
347234.0,347235.3333333333
0.0,0.0
224818.0,224818.04666666666
0.0,0.0
0.0,0.0
244300.0,244318.38
0.0,0.0
333761.0,333764.12
332222.0,332146.13333333336
0.0,0.0
286766.0,286765.0133333333
0.0,0.0
0.0,0.0
0.0,0.0
223597.0,223596.96666666667
0.0,0.0
0.0,0.0
0.0,0.0
0.0,0.0
0.0,0.0
251942.0,251937.45333333334
0.0,0.0
232725.0,232725.65333333332
0.0,0.0
347300.0,347299.7266666667
0.0,0.0
0.0,0.0
232907.0,232905.19333333333
0.0,0.0
0.0,0.0
0.0,0.0
252071.0,252076.88666666666
331133.0,331131.11333333334
233570.0,233570.08666666667
252137.0,252137.11333333334
274738.0,274737.0933333333
232990.0,232988.82
0.0,0.0
0.0,0.0
0.0,0.0
302783.0,302779.9733333333
303055.0,303056.20666666667
0.0,0.0
0.0,0.0
219262.0,219261.91333333333
0.0,0.0
0.0,0.0
223549.0,223549.15333333332
286772.0,286773.0466666667
0.0,0.0
251654.0,251654.06666666668
0.0,0.0
274728.0,274727.52
273980.0,273979.18666666665
345454.0,345453.35333333333
0.0,0.0
302779.0,302778.62666666665
0.0,0.0
0.0,0.0
0.0,0.0
319195.0,319191.9533333333
0.0,0.0
0.0,0.0
0.0,0.0
0.0,0.0
232771.0,232770.01333333334
0.0,0.0
0.0,0.0
276117.0,276112.7266666667
0.0,0.0
252831.0,252831.54
0.0,0.0
302931.0,302931.0466666667
272192.0,272192.5466666667
361823.0,361822.78
0.0,0.0
330780.0,330777.0933333333
0.0,0.0
286423.0,286424.2133333333
233640.0,233639.46666666667
0.0,0.0
243856.0,243853.03333333333
0.0,0.0
319137.0,319133.2133333333
0.0,0.0
0.0,0.0
273822.0,273820.62666666665
0.0,0.0
0.0,0.0
0.0,0.0
223508.0,223507.6
0.0,0.0
331762.0,331765.0733333333
224484.0,224483.83333333334
0.0,0.0
322439.0,322449.94
0.0,0.0
0.0,0.0
0.0,0.0
0.0,0.0
0.0,0.0
302639.0,302639.61333333334
273766.0,273765.32666666666
233675.0,233673.08
0.0,0.0
273949.0,273950.5466666667
253849.0,253849.44
333066.0,333064.7266666667
332977.0,332977.28
232575.0,232573.7
347371.0,347368.58666666667
274148.0,274148.17333333334
302993.0,302991.61333333334
232940.0,232938.7
287134.0,287144.9
289963.0,289956.8466666667
274023.0,274023.4266666667
0.0,0.0
243860.0,243857.91333333333
0.0,0.0
0.0,0.0
0.0,0.0
0.0,0.0
0.0,0.0
241690.0,241760.30666666667
302659.0,302660.7733333333
276013.0,275980.16
0.0,0.0
331654.0,331654.76
0.0,0.0
256734.0,256732.99333333335
0.0,0.0
0.0,0.0
0.0,0.0
256809.0,256811.52
0.0,0.0
0.0,0.0
0.0,0.0
273259.0,273260.2133333333
0.0,0.0
301742.0,301758.94666666666
360031.0,360029.54
0.0,0.0
0.0,0.0
359984.0,359984.87333333335
333737.0,333737.44666666666
359861.0,359859.1533333333
0.0,0.0
0.0,0.0
348759.0,348762.88666666666
0.0,0.0
0.0,0.0
0.0,0.0
0.0,0.0
289443.0,289440.7133333333
345123.0,345125.08
347442.0,347439.0266666667
0.0,0.0
0.0,0.0
274004.0,274003.94666666666
252667.0,252667.06666666668
0.0,0.0
0.0,0.0
0.0,0.0
0.0,0.0
346377.0,346368.36666666664
0.0,0.0
251678.0,251678.52666666667
0.0,0.0
305541.0,305539.32
0.0,0.0
0.0,0.0
0.0,0.0
0.0,0.0
0.0,0.0
0.0,0.0
0.0,0.0
0.0,0.0
0.0,0.0
276959.0,276955.63333333336
0.0,0.0
233525.0,233525.24666666667
0.0,0.0
223405.0,223402.72666666665
0.0,0.0
273746.0,273746.73333333334
319047.0,319048.0
0.0,0.0
345868.0,345862.0266666667
0.0,0.0
0.0,0.0
0.0,0.0
0.0,0.0
346950.0,346951.12
0.0,0.0
0.0,0.0
0.0,0.0
0.0,0.0
0.0,0.0
0.0,0.0
331578.0,331573.98
0.0,0.0
0.0,0.0
276957.0,276956.98
251684.0,251683.08666666667
233118.0,233119.2
0.0,0.0
348689.0,348690.08
0.0,0.0
0.0,0.0
232958.0,232959.24
0.0,0.0
0.0,0.0
346233.0,346235.4733333333
303011.0,303009.1533333333
348010.0,348018.5333333333
223315.0,223314.64666666667
0.0,0.0
232648.0,232647.89333333334
0.0,0.0
233665.0,233665.68
233012.0,233006.23333333334
289332.0,289331.98
0.0,0.0
0.0,0.0
272421.0,272419.54
0.0,0.0
0.0,0.0
0.0,0.0
0.0,0.0
252117.0,252115.67333333334
0.0,0.0
0.0,0.0
0.0,0.0
256665.0,256662.68
274294.0,274292.67333333334
0.0,0.0
0.0,0.0
0.0,0.0
0.0,0.0
0.0,0.0
0.0,0.0
232576.0,232574.98666666666
0.0,0.0
0.0,0.0
288701.0,288697.18666666665
318756.0,318753.92
0.0,0.0
274045.0,274035.5733333333
0.0,0.0
0.0,0.0
242018.0,242017.73333333334
0.0,0.0
322889.0,322868.92
0.0,0.0
346056.0,346062.9533333333
253854.0,253854.07333333333
0.0,0.0
0.0,0.0
303777.0,303775.9533333333
0.0,0.0
0.0,0.0
0.0,0.0
0.0,0.0
319247.0,319242.80666666664
252502.0,252502.88666666666
273732.0,273731.74
0.0,0.0
0.0,0.0
0.0,0.0
0.0,0.0
0.0,0.0
232420.0,232422.65333333332
0.0,0.0
0.0,0.0
0.0,0.0
0.0,0.0
0.0,0.0
0.0,0.0
272615.0,272614.41333333333
0.0,0.0
0.0,0.0
256441.0,256441.04666666666
303645.0,303641.18666666665
0.0,0.0
272221.0,272221.92
0.0,0.0
0.0,0.0
273758.0,273754.2266666667
0.0,0.0
0.0,0.0
0.0,0.0
232859.0,232860.96
0.0,0.0
0.0,0.0
251774.0,251773.98
0.0,0.0
0.0,0.0
0.0,0.0
252132.0,252129.82666666666
255425.0,255423.59333333332
252883.0,252879.98666666666
0.0,0.0
0.0,0.0
0.0,0.0
348201.0,348200.9733333333
286533.0,286531.5
223227.0,223226.4
349630.0,349630.94666666666
0.0,0.0
0.0,0.0
0.0,0.0
346416.0,346419.64
346636.0,346612.9733333333
0.0,0.0
0.0,0.0
255152.0,255153.15333333332
232947.0,232946.55333333334
0.0,0.0
0.0,0.0
346806.0,346805.66
331200.0,331201.04
0.0,0.0
303716.0,303709.75333333336
285936.0,285922.72
0.0,0.0
224329.0,224330.98
0.0,0.0
0.0,0.0
0.0,0.0
0.0,0.0
0.0,0.0
0.0,0.0
305239.0,305238.3
0.0,0.0
0.0,0.0
0.0,0.0
0.0,0.0
0.0,0.0
0.0,0.0
0.0,0.0
347079.0,347079.70666666667
0.0,0.0
0.0,0.0
273810.0,273810.0266666667
0.0,0.0
0.0,0.0
0.0,0.0
233572.0,233571.47333333333
0.0,0.0
0.0,0.0
272172.0,272171.70666666667
303751.0,303749.32666666666
0.0,0.0
0.0,0.0
0.0,0.0
0.0,0.0
286319.0,286288.16
0.0,0.0
0.0,0.0
0.0,0.0
0.0,0.0
256492.0,256492.13333333333
0.0,0.0
347967.0,347960.0
0.0,0.0
0.0,0.0
273851.0,273850.12
348748.0,348747.80666666664
0.0,0.0
348660.0,348659.4866666667
274460.0,274449.1
0.0,0.0
272224.0,272222.6533333333
332019.0,332023.06666666665
0.0,0.0
0.0,0.0
252737.0,252737.74
0.0,0.0
0.0,0.0
0.0,0.0
0.0,0.0
346183.0,346184.17333333334
0.0,0.0
0.0,0.0
330815.0,330812.18
0.0,0.0
0.0,0.0
330794.0,330795.5466666667
0.0,0.0
0.0,0.0
0.0,0.0
0.0,0.0
0.0,0.0
0.0,0.0
0.0,0.0
234133.0,234133.97333333333
0.0,0.0
0.0,0.0
0.0,0.0
0.0,0.0
0.0,0.0
0.0,0.0
0.0,0.0
0.0,0.0
224269.0,224268.82
252113.0,252115.22
332222.0,332208.64
285948.0,285930.06
333547.0,333548.24666666664
0.0,0.0
251553.0,251553.90666666668
0.0,0.0
272813.0,272815.06666666665
360037.0,360034.24666666664
0.0,0.0
0.0,0.0
273446.0,273449.2
349048.0,349048.9066666667
0.0,0.0
0.0,0.0
345788.0,345786.3466666667
223504.0,223505.45333333334
0.0,0.0
0.0,0.0
0.0,0.0
0.0,0.0
0.0,0.0
0.0,0.0
0.0,0.0
0.0,0.0
223294.0,223293.50666666665
0.0,0.0
319834.0,319821.20666666667
253403.0,253401.34
345442.0,345442.79333333333
0.0,0.0
0.0,0.0
0.0,0.0
224349.0,224347.97333333333
0.0,0.0
0.0,0.0
0.0,0.0
319649.0,319645.23333333334
0.0,0.0
0.0,0.0
0.0,0.0
274815.0,274816.66
0.0,0.0
257085.0,257083.92
0.0,0.0
0.0,0.0
289716.0,289711.11333333334
0.0,0.0
0.0,0.0
224030.0,224029.79333333333
286285.0,286286.4666666667
0.0,0.0
273879.0,273875.0733333333
272055.0,272056.30666666664
0.0,0.0
330853.0,330847.63333333336
0.0,0.0
286581.0,286580.11333333334
0.0,0.0
0.0,0.0
250759.0,250782.64
0.0,0.0
289242.0,289240.22
359900.0,359899.74666666664
349702.0,349700.96
0.0,0.0
0.0,0.0
0.0,0.0
0.0,0.0
0.0,0.0
0.0,0.0
0.0,0.0
0.0,0.0
302113.0,302113.8333333333
0.0,0.0
348139.0,348119.6066666667
0.0,0.0
0.0,0.0
253928.0,253946.54
343900.0,343890.34
347928.0,347927.2
0.0,0.0
0.0,0.0
253098.0,253095.65333333332
273754.0,273751.96
0.0,0.0
0.0,0.0
345436.0,345436.5266666667
223554.0,223553.51333333334
0.0,0.0
346943.0,346942.68
0.0,0.0
0.0,0.0
0.0,0.0
345002.0,345002.26
233644.0,233642.40666666668
0.0,0.0
0.0,0.0
256817.0,256816.74
0.0,0.0
254535.0,254513.59333333332
0.0,0.0
0.0,0.0
0.0,0.0
0.0,0.0
0.0,0.0
305445.0,305442.14
0.0,0.0
319936.0,319937.2133333333
0.0,0.0
0.0,0.0
273253.0,273259.5733333333
223988.0,223987.22666666665
223828.0,223827.88666666666
274288.0,274287.32666666666
0.0,0.0
273800.0,273799.13333333336
0.0,0.0
0.0,0.0
302835.0,302832.5333333333
0.0,0.0
224846.0,224846.69333333333
0.0,0.0
274020.0,274021.4
302179.0,302179.2133333333
223938.0,223937.3
223437.0,223438.86666666667
223617.0,223615.61333333334
346556.0,346554.02
0.0,0.0
348260.0,348248.9
273191.0,273191.20666666667
0.0,0.0
348265.0,348263.02
348754.0,348752.82666666666
0.0,0.0
286823.0,286821.1
0.0,0.0
0.0,0.0
272120.0,272119.4066666667
0.0,0.0
224341.0,224340.08
272016.0,272022.14
0.0,0.0
305972.0,305858.82
0.0,0.0
304954.0,304954.48
255330.0,255330.2
0.0,0.0
0.0,0.0
331060.0,331059.8
0.0,0.0
0.0,0.0
255065.0,255064.63333333333
0.0,0.0
302415.0,302416.22
0.0,0.0
0.0,0.0
0.0,0.0
0.0,0.0
286220.0,286223.2133333333
274839.0,274839.12
0.0,0.0
0.0,0.0
319160.0,319158.6533333333
332070.0,332067.5933333333
302927.0,302928.17333333334
345537.0,345534.88
0.0,0.0
0.0,0.0
344840.0,344838.5266666667
318952.0,318952.58666666667
0.0,0.0
0.0,0.0
0.0,0.0
348627.0,348628.7133333333
0.0,0.0
0.0,0.0
0.0,0.0
0.0,0.0
0.0,0.0
0.0,0.0
233883.0,233884.07333333333
274160.0,274158.54
0.0,0.0
0.0,0.0
0.0,0.0
303832.0,303831.1533333333
0.0,0.0
0.0,0.0
0.0,0.0
0.0,0.0
0.0,0.0
232518.0,232518.56666666668
0.0,0.0
0.0,0.0
0.0,0.0
0.0,0.0
0.0,0.0
332035.0,332034.63333333336
319634.0,319638.63333333336
224102.0,224099.37333333332
0.0,0.0
0.0,0.0
0.0,0.0
0.0,0.0
0.0,0.0
0.0,0.0
0.0,0.0
347573.0,347573.43333333335
256522.0,256523.67333333334
0.0,0.0
0.0,0.0
0.0,0.0
347079.0,347079.70666666667
0.0,0.0
0.0,0.0
0.0,0.0
232678.0,232677.03333333333
0.0,0.0
286764.0,286771.69333333336
0.0,0.0
319032.0,319031.7133333333
0.0,0.0
0.0,0.0
319136.0,319134.44666666666
0.0,0.0
0.0,0.0
346499.0,346501.1
274770.0,274776.6666666667
0.0,0.0
273555.0,273555.91333333333
0.0,0.0
0.0,0.0
0.0,0.0
286429.0,286427.1533333333
0.0,0.0
253927.0,253946.54
257083.0,257082.98666666666
0.0,0.0
0.0,0.0
0.0,0.0
0.0,0.0
223838.0,223836.98
0.0,0.0
0.0,0.0
0.0,0.0
0.0,0.0
0.0,0.0
0.0,0.0
302754.0,302751.64666666667
0.0,0.0
331652.0,331651.7
224855.0,224857.30666666667
253005.0,253005.97333333333
0.0,0.0
277007.0,277004.67333333334
0.0,0.0
252284.0,252286.50666666665
274043.0,274042.4666666667
253734.0,253734.07333333333
0.0,0.0
0.0,0.0
0.0,0.0
244012.0,244006.56
0.0,0.0
304006.0,304005.9266666667
0.0,0.0
0.0,0.0
251642.0,251642.47333333333
0.0,0.0
0.0,0.0
0.0,0.0
0.0,0.0
0.0,0.0
0.0,0.0
0.0,0.0
345241.0,345233.5733333333
0.0,0.0
0.0,0.0
0.0,0.0
304428.0,304438.55333333334
0.0,0.0
319071.0,319071.69333333336
0.0,0.0
0.0,0.0
0.0,0.0
302891.0,302889.9066666667
0.0,0.0
224261.0,224262.63333333333
331323.0,331323.06
331654.0,331654.5466666667
0.0,0.0
252313.0,252314.03333333333
252126.0,252127.56
0.0,0.0
0.0,0.0
223787.0,223786.17333333334
273595.0,273595.0133333333
0.0,0.0
0.0,0.0
272135.0,272135.9533333333
0.0,0.0
273065.0,273065.26
233041.0,233041.22
0.0,0.0
345351.0,345352.6
0.0,0.0
241923.0,241916.68
330846.0,330844.85333333333
0.0,0.0
244038.0,244037.92666666667
349660.0,349659.56666666665
0.0,0.0
0.0,0.0
331771.0,331767.80666666664
286250.0,286247.9
289441.0,289433.19333333336
350100.0,349961.17333333334
0.0,0.0
347547.0,347542.70666666667
319387.0,319386.88666666666
0.0,0.0
348054.0,348055.58
251593.0,251588.93333333332
0.0,0.0
0.0,0.0
0.0,0.0
232588.0,232589.01333333334
0.0,0.0
0.0,0.0
0.0,0.0
0.0,0.0
253462.0,253462.98666666666
232855.0,232854.37333333332
255152.0,255153.15333333332
256437.0,256436.61333333334
331023.0,331022.9666666667
0.0,0.0
0.0,0.0
0.0,0.0
0.0,0.0
0.0,0.0
0.0,0.0
224535.0,224536.24
0.0,0.0
0.0,0.0
272345.0,272346.91333333333
234010.0,234009.65333333332
344930.0,344929.12
224154.0,224153.68666666668
0.0,0.0
0.0,0.0
0.0,0.0
0.0,0.0
0.0,0.0
0.0,0.0
0.0,0.0
0.0,0.0
0.0,0.0
0.0,0.0
0.0,0.0
0.0,0.0
0.0,0.0
0.0,0.0
0.0,0.0
0.0,0.0
0.0,0.0
333057.0,333057.14666666667
273745.0,273744.36666666664
0.0,0.0
224403.0,224402.77333333335
302293.0,302295.08
223784.0,223783.93333333332
0.0,0.0
0.0,0.0
303034.0,303033.38666666666
0.0,0.0
0.0,0.0
0.0,0.0
0.0,0.0
272671.0,272670.93333333335
0.0,0.0
303450.0,303449.18666666665
332934.0,332933.55333333334
223415.0,223415.51333333334
0.0,0.0
0.0,0.0
0.0,0.0
256628.0,256629.61333333334
0.0,0.0
0.0,0.0
0.0,0.0
0.0,0.0
0.0,0.0
359920.0,359918.32
303478.0,303477.99333333335
0.0,0.0
0.0,0.0
0.0,0.0
274723.0,274722.0733333333
286109.0,286108.56666666665
233652.0,233652.01333333334
0.0,0.0
0.0,0.0
319607.0,319604.20666666667
0.0,0.0
0.0,0.0
345654.0,345654.43333333335
0.0,0.0
0.0,0.0
0.0,0.0
0.0,0.0
0.0,0.0
0.0,0.0
0.0,0.0
0.0,0.0
233480.0,233478.81333333332
0.0,0.0
0.0,0.0
322175.0,322171.6666666667
0.0,0.0
290246.0,290177.9066666667
0.0,0.0
0.0,0.0
302038.0,302038.05333333334
252276.0,252280.95333333334
0.0,0.0
0.0,0.0
0.0,0.0
251516.0,251510.9
254343.0,254340.05333333334
0.0,0.0
0.0,0.0
302631.0,302628.68
232923.0,232922.34666666668
252884.0,252881.20666666667
251600.0,251599.52
0.0,0.0
348699.0,348698.74666666664
0.0,0.0
0.0,0.0
319495.0,319492.73333333334
0.0,0.0
359820.0,359820.06
224392.0,224393.34666666668
0.0,0.0
0.0,0.0
233632.0,233630.52666666667
0.0,0.0
348173.5,348166.32
0.0,0.0
347490.0,347485.78
256494.0,256494.33333333334
223424.0,223422.49333333335
0.0,0.0
241908.0,241907.3
0.0,0.0
0.0,0.0
345872.0,345872.5333333333
0.0,0.0
0.0,0.0
0.0,0.0
0.0,0.0
0.0,0.0
0.0,0.0
0.0,0.0
0.0,0.0
253132.0,253128.38666666666
276940.0,276943.16
344871.0,344873.38666666666
302052.0,302051.68666666665
302313.0,302298.4266666667
0.0,0.0
223765.0,223764.61333333334
345690.0,345690.36666666664
0.0,0.0
0.0,0.0
233880.0,233877.93333333332
0.0,0.0
289260.0,289255.78
0.0,0.0
0.0,0.0
0.0,0.0
349046.0,349046.2266666667
0.0,0.0
0.0,0.0
289020.0,289021.23333333334
256772.0,256774.78666666665
0.0,0.0
274234.0,274234.2266666667
0.0,0.0
0.0,0.0
0.0,0.0
224125.0,224125.41333333333
0.0,0.0
252008.0,252008.09333333332
0.0,0.0
0.0,0.0
234200.0,234198.52
0.0,0.0
0.0,0.0
286174.0,286173.0133333333
0.0,0.0
0.0,0.0
0.0,0.0
0.0,0.0
223397.0,223396.15333333332
0.0,0.0
274089.0,274091.36
0.0,0.0
241751.0,241752.51333333334
255310.0,255309.54
0.0,0.0
0.0,0.0
274842.0,274841.44666666666
0.0,0.0
0.0,0.0
333841.0,333841.06666666665
0.0,0.0
319150.0,319150.3466666667
347714.0,347717.7266666667
233890.0,233888.86
0.0,0.0
347214.0,347213.9266666667
345822.0,345821.08666666667
289064.0,289064.14
0.0,0.0
0.0,0.0
0.0,0.0
243983.0,243982.66
331603.0,331603.0
271657.0,271685.14
252485.0,252482.67333333334
253401.0,253400.30666666667
0.0,0.0
0.0,0.0
0.0,0.0
224010.0,224009.68666666668
346594.0,346594.68666666665
0.0,0.0
233700.0,233700.09333333332
0.0,0.0
274727.0,274727.25333333336
302699.0,302699.26666666666
0.0,0.0
303496.0,303496.36666666664
0.0,0.0
304921.0,304920.9866666667
274555.0,274555.44666666666
0.0,0.0
0.0,0.0
274228.0,274226.2866666667
0.0,0.0
274840.0,274839.8466666667
244002.0,244002.68666666668
0.0,0.0
0.0,0.0
255151.0,255150.50666666665
0.0,0.0
333007.0,333009.68666666665
0.0,0.0
0.0,0.0
0.0,0.0
232971.0,232970.48666666666
348654.0,348653.46
0.0,0.0
0.0,0.0
234200.0,234201.16
252055.0,252055.56
0.0,0.0
289240.0,289239.43333333335
332900.0,332899.72
348225.0,348236.5933333333
0.0,0.0
346471.0,346469.1533333333
274635.0,274635.74
345874.0,345874.82666666666
0.0,0.0
0.0,0.0
0.0,0.0
0.0,0.0
0.0,0.0
0.0,0.0
0.0,0.0
319037.0,319036.22
273663.0,273662.63333333336
0.0,0.0
0.0,0.0
0.0,0.0
303801.0,303801.78
301887.0,301882.32666666666
277096.0,277091.12666666665
0.0,0.0
0.0,0.0
0.0,0.0
348661.0,348659.82
0.0,0.0
0.0,0.0
274453.0,274451.25333333336
0.0,0.0
0.0,0.0
344984.0,344982.2133333333
251660.0,251659.05333333334
0.0,0.0
0.0,0.0
224150.0,224150.46
223336.0,223335.0
0.0,0.0
0.0,0.0
0.0,0.0
223759.0,223758.19333333333
347936.0,347936.1533333333
250756.0,250779.46666666667
0.0,0.0
0.0,0.0
0.0,0.0
0.0,0.0
0.0,0.0
0.0,0.0
0.0,0.0
0.0,0.0
251521.0,251511.40666666668
0.0,0.0
0.0,0.0
233367.0,233368.76
301713.0,301712.36666666664
0.0,0.0
0.0,0.0
0.0,0.0
244343.0,244349.87333333332
272218.0,272215.9
347976.0,347959.36
304433.0,304421.11333333334
241896.0,241900.48666666666
0.0,0.0
272103.0,272111.44
252329.0,252320.67333333334
0.0,0.0
0.0,0.0
0.0,0.0
0.0,0.0
0.0,0.0
0.0,0.0
0.0,0.0
241799.0,241795.06
0.0,0.0
346088.0,346090.88666666666
319795.0,319806.8933333333
0.0,0.0
0.0,0.0
252019.0,252019.98
0.0,0.0
0.0,0.0
322103.0,322096.41333333333
0.0,0.0
0.0,0.0
0.0,0.0
0.0,0.0
0.0,0.0
224108.0,224107.07333333333
255051.0,255057.8
0.0,0.0
0.0,0.0
274876.0,274872.0466666667
251953.0,251955.14666666667
0.0,0.0
252505.0,252504.98
302843.0,302844.84
0.0,0.0
0.0,0.0
0.0,0.0
0.0,0.0
0.0,0.0
0.0,0.0
303754.0,303757.22
0.0,0.0
0.0,0.0
273105.0,273105.02
0.0,0.0
0.0,0.0
0.0,0.0
0.0,0.0
0.0,0.0
0.0,0.0
0.0,0.0
255516.0,255513.00666666665
348667.0,348666.94
348610.0,348612.36666666664
273671.0,273669.91333333333
0.0,0.0
0.0,0.0
0.0,0.0
232941.0,232940.28666666665
0.0,0.0
0.0,0.0
0.0,0.0
361847.0,361843.44
0.0,0.0
0.0,0.0
256758.0,256755.98666666666
0.0,0.0
0.0,0.0
0.0,0.0
0.0,0.0
345943.0,345946.17333333334
0.0,0.0
0.0,0.0
251598.0,251591.99333333335
224133.0,224132.32
273160.0,273157.8466666667
0.0,0.0
0.0,0.0
323821.0,323801.85333333333
274925.0,274916.46
0.0,0.0
331393.0,331394.56666666665
350777.0,350572.76
0.0,0.0
0.0,0.0
0.0,0.0
0.0,0.0
0.0,0.0
0.0,0.0
0.0,0.0
0.0,0.0
0.0,0.0
0.0,0.0
274263.0,274262.04
0.0,0.0
0.0,0.0
224040.0,224039.67333333334
275914.0,275918.82666666666
0.0,0.0
0.0,0.0
0.0,0.0
0.0,0.0
301960.0,301960.38666666666
0.0,0.0
0.0,0.0
0.0,0.0
0.0,0.0
0.0,0.0
233885.0,233885.84
0.0,0.0
0.0,0.0
286709.0,286709.74666666664
0.0,0.0
252510.0,252510.32
0.0,0.0
232685.0,232682.36
0.0,0.0
273776.0,273776.66
0.0,0.0
331045.0,331045.1066666667
0.0,0.0
0.0,0.0
303087.0,303085.25333333336
0.0,0.0
0.0,0.0
302756.0,302752.62
0.0,0.0
0.0,0.0
0.0,0.0
0.0,0.0
273965.0,273964.31333333335
0.0,0.0
304912.0,304961.69333333336
0.0,0.0
0.0,0.0
233717.0,233715.51333333334
252828.0,252829.93333333332
303021.0,303020.76
0.0,0.0
0.0,0.0
0.0,0.0
302588.0,302588.72
252680.0,252680.1
233715.0,233715.51333333334
347190.0,347189.74666666664
0.0,0.0
255151.0,255150.50666666665
0.0,0.0
0.0,0.0
0.0,0.0
303513.0,303512.0133333333
0.0,0.0
233281.0,233277.20666666667
345023.0,345024.44666666666
319157.0,319156.79333333333
0.0,0.0
0.0,0.0
0.0,0.0
273002.0,273002.16
256446.0,256440.70666666667
252353.0,252352.86
0.0,0.0
0.0,0.0
0.0,0.0
0.0,0.0
0.0,0.0
0.0,0.0
0.0,0.0
286174.0,286172.06666666665
0.0,0.0
302018.0,302017.9
0.0,0.0
0.0,0.0
303621.0,303622.1066666667
0.0,0.0
0.0,0.0
0.0,0.0
256513.0,256511.54666666666
319485.0,319488.85333333333
0.0,0.0
0.0,0.0
0.0,0.0
253405.0,253405.2
0.0,0.0
0.0,0.0
333281.0,333264.73333333334
253478.0,253476.70666666667
0.0,0.0
331030.0,331029.26666666666
0.0,0.0
0.0,0.0
0.0,0.0
347073.0,347071.64
289206.0,289207.12666666665
303449.0,303446.84
219292.0,219290.34
273959.0,273958.44
234115.0,234113.87333333332
346402.0,346409.16
0.0,0.0
223769.0,223768.56666666668
0.0,0.0
0.0,0.0
0.0,0.0
318965.0,318965.5133333333
0.0,0.0
0.0,0.0
257062.0,257073.72
0.0,0.0
0.0,0.0
243914.0,243912.75333333333
0.0,0.0
0.0,0.0
0.0,0.0
0.0,0.0
272900.0,272899.98
0.0,0.0
303191.0,303190.79333333333
0.0,0.0
0.0,0.0
0.0,0.0
0.0,0.0
330871.0,330870.9866666667
0.0,0.0
345015.0,345014.99333333335
243810.0,243809.42
0.0,0.0
0.0,0.0
0.0,0.0
0.0,0.0
251672.0,251670.96666666667
0.0,0.0
0.0,0.0
0.0,0.0
302049.0,302049.0266666667
0.0,0.0
0.0,0.0
0.0,0.0
348208.0,348207.29333333333
242061.0,242054.86666666667
331606.0,331604.98
0.0,0.0
0.0,0.0
0.0,0.0
276954.0,276957.56666666665
0.0,0.0
302877.0,302871.9733333333
273653.0,273653.7866666667
0.0,0.0
0.0,0.0
256272.0,256285.33333333334
347920.0,347920.0
333746.0,333744.72
0.0,0.0
345507.0,345507.5266666667
347233.0,347234.5266666667
344920.0,344918.72
0.0,0.0
0.0,0.0
0.0,0.0
0.0,0.0
0.0,0.0
0.0,0.0
0.0,0.0
0.0,0.0
0.0,0.0
0.0,0.0
0.0,0.0
0.0,0.0
0.0,0.0
331311.0,331311.99333333335
0.0,0.0
289517.0,289521.12
252124.0,252124.75333333333
0.0,0.0
304927.0,304927.2133333333
0.0,0.0
0.0,0.0
0.0,0.0
0.0,0.0
0.0,0.0
0.0,0.0
0.0,0.0
348788.0,348787.64
331481.0,331479.4
0.0,0.0
0.0,0.0
0.0,0.0
348069.0,348068.99333333335
272802.0,272802.68666666665
0.0,0.0
0.0,0.0
0.0,0.0
0.0,0.0
0.0,0.0
0.0,0.0
0.0,0.0
0.0,0.0
0.0,0.0
223275.0,223276.99333333335
0.0,0.0
0.0,0.0
0.0,0.0
0.0,0.0
0.0,0.0
0.0,0.0
361803.0,361801.54
0.0,0.0
0.0,0.0
0.0,0.0
0.0,0.0
348203.0,348203.06666666665
349285.0,349294.75333333336
0.0,0.0
252293.0,252289.44666666666
0.0,0.0
243886.0,243887.65333333332
286199.0,286196.30666666664
0.0,0.0
0.0,0.0
255359.0,255328.96666666667
0.0,0.0
0.0,0.0
0.0,0.0
253998.0,253987.85333333333
345839.0,345837.67333333334
0.0,0.0
0.0,0.0
252823.0,252823.66
286186.0,286185.56
0.0,0.0
0.0,0.0
274247.0,274247.62
348687.0,348685.5
0.0,0.0
0.0,0.0
255327.0,255328.2
252535.0,252535.78
0.0,0.0
0.0,0.0
233897.0,233888.86
0.0,0.0
0.0,0.0
223888.0,223888.37333333332
359851.0,359850.46
273659.0,273659.04
253741.0,253741.45333333334
0.0,0.0
345435.0,345434.00666666665
0.0,0.0
0.0,0.0
234015.0,234014.97333333333
306088.0,305909.38
289038.0,289035.05333333334
0.0,0.0
275870.0,275870.5466666667
256456.0,256458.39333333334
319071.0,319071.69333333336
348059.0,348059.0333333333
0.0,0.0
0.0,0.0
0.0,0.0
0.0,0.0
242024.0,242021.58
0.0,0.0
0.0,0.0
0.0,0.0
0.0,0.0
0.0,0.0
0.0,0.0
232988.0,232987.32666666666
301751.0,301751.7133333333
0.0,0.0
331002.0,331002.9266666667
350779.0,350711.1666666667
0.0,0.0
0.0,0.0
0.0,0.0
0.0,0.0
0.0,0.0
224767.0,224766.66666666666
0.0,0.0
347569.0,347568.7133333333
251985.0,251985.64666666667
0.0,0.0
0.0,0.0
0.0,0.0
252122.0,252122.84666666668
0.0,0.0
0.0,0.0
0.0,0.0
0.0,0.0
0.0,0.0
0.0,0.0
0.0,0.0
0.0,0.0
0.0,0.0
0.0,0.0
256667.0,256664.42666666667
0.0,0.0
0.0,0.0
349053.0,349051.7266666667
0.0,0.0
252131.0,252130.02666666667
272861.0,272847.78
0.0,0.0
0.0,0.0
0.0,0.0
0.0,0.0
303272.0,303266.04
256300.0,256299.13333333333
0.0,0.0
0.0,0.0
0.0,0.0
0.0,0.0
0.0,0.0
346381.0,346373.64666666667
0.0,0.0
232449.0,232449.04
0.0,0.0
233574.0,233573.00666666665
0.0,0.0
0.0,0.0
0.0,0.0
0.0,0.0
0.0,0.0
0.0,0.0
0.0,0.0
0.0,0.0
0.0,0.0
0.0,0.0
0.0,0.0
251998.0,251997.33333333334
0.0,0.0
0.0,0.0
232671.0,232669.94666666666
0.0,0.0
303612.0,303621.37333333335
0.0,0.0
232997.0,232999.54
322227.0,322229.58666666667
0.0,0.0
0.0,0.0
0.0,0.0
253746.0,253744.88666666666
0.0,0.0
0.0,0.0
359829.0,359828.00666666665
0.0,0.0
0.0,0.0
0.0,0.0
0.0,0.0
0.0,0.0
0.0,0.0
0.0,0.0
320034.0,320035.74
345605.0,345606.6666666667
361785.0,361785.19333333336
224828.0,224827.88666666666
0.0,0.0
0.0,0.0
0.0,0.0
0.0,0.0
0.0,0.0
0.0,0.0
0.0,0.0
0.0,0.0
0.0,0.0
0.0,0.0
0.0,0.0
0.0,0.0
319152.0,319152.31333333335
0.0,0.0
0.0,0.0
219357.0,219355.80666666667
0.0,0.0
345282.0,345281.5
232515.0,232514.79333333333
0.0,0.0
0.0,0.0
0.0,0.0
333174.0,333167.9066666667
272568.0,272565.1533333333
223947.0,223946.51333333334
0.0,0.0
0.0,0.0
0.0,0.0
0.0,0.0
0.0,0.0
0.0,0.0
0.0,0.0
233090.0,233092.30666666667
233694.0,233698.6
303434.0,303433.9
0.0,0.0
232743.0,232742.96
0.0,0.0
0.0,0.0
0.0,0.0
0.0,0.0
255157.0,255157.04
0.0,0.0
0.0,0.0
0.0,0.0
0.0,0.0
0.0,0.0
0.0,0.0
232891.0,232890.3
272053.0,272055.23333333334
0.0,0.0
0.0,0.0
0.0,0.0
347194.0,347194.52
288996.0,288996.84
0.0,0.0
223234.0,223230.81333333332
223223.0,223224.36
0.0,0.0
0.0,0.0
0.0,0.0
0.0,0.0
224361.0,224361.02
348658.0,348658.2866666667
0.0,0.0
223583.0,223578.49333333335
0.0,0.0
319030.0,319029.2
0.0,0.0
0.0,0.0
0.0,0.0
0.0,0.0
0.0,0.0
346372.0,346367.63333333336
0.0,0.0
0.0,0.0
330992.0,330990.74666666664
0.0,0.0
318556.0,318557.50666666665
0.0,0.0
0.0,0.0
0.0,0.0
274710.0,274709.9866666667
0.0,0.0
0.0,0.0
0.0,0.0
256536.0,256535.19333333333
223934.0,223933.83333333334
232631.0,232631.14
255650.0,255647.77333333335
272169.0,272167.63333333336
0.0,0.0
0.0,0.0
302052.0,302051.68666666665
0.0,0.0
0.0,0.0
255311.0,255310.72666666665
254003.0,254000.02
0.0,0.0
256847.0,256849.58
0.0,0.0
287116.0,287111.44
233864.0,233865.28666666665
0.0,0.0
0.0,0.0
0.0,0.0
0.0,0.0
0.0,0.0
0.0,0.0
0.0,0.0
0.0,0.0
0.0,0.0
0.0,0.0
0.0,0.0
303205.0,303205.43333333335
286175.0,286175.8
224334.0,224332.63333333333
0.0,0.0
275866.0,275866.7
0.0,0.0
0.0,0.0
0.0,0.0
302128.0,302129.94666666666
224488.0,224486.85333333333
274733.0,274729.99333333335
0.0,0.0
0.0,0.0
223978.0,223983.67333333334
0.0,0.0
319315.0,319315.54
0.0,0.0
0.0,0.0
0.0,0.0
0.0,0.0
330872.0,330871.62
0.0,0.0
253126.0,253125.88666666666
229778.0,232010.06666666668
0.0,0.0
224401.0,224401.56
0.0,0.0
313106.0,313103.36666666664
273852.0,273850.38666666666
0.0,0.0
345670.0,345671.26666666666
0.0,0.0
319489.0,319491.26
272437.0,272442.92
346476.0,346474.11333333334
286413.0,286413.31333333335
0.0,0.0
0.0,0.0
275684.0,275683.72
0.0,0.0
0.0,0.0
232582.0,232583.02
223268.0,223267.37333333332
219205.0,219204.60666666666
0.0,0.0
289016.0,289021.1533333333
253007.0,253007.13333333333
0.0,0.0
0.0,0.0
256668.0,256664.37333333332
0.0,0.0
0.0,0.0
0.0,0.0
223441.0,223441.74666666667
348661.0,348659.82
0.0,0.0
0.0,0.0
223574.0,223573.56666666668
0.0,0.0
346052.0,346046.16
223559.0,223559.09333333332
0.0,0.0
0.0,0.0
232576.0,232575.72666666665
0.0,0.0
0.0,0.0
0.0,0.0
0.0,0.0
0.0,0.0
0.0,0.0
0.0,0.0
233134.0,233137.79333333333
0.0,0.0
0.0,0.0
0.0,0.0
0.0,0.0
241926.0,241927.96
0.0,0.0
0.0,0.0
359982.0,359981.76666666666
346470.0,346469.1533333333
0.0,0.0
346004.0,346003.61333333334
0.0,0.0
0.0,0.0
0.0,0.0
0.0,0.0
0.0,0.0
0.0,0.0
252831.0,252834.1
0.0,0.0
331221.0,331220.24
0.0,0.0
0.0,0.0
255138.0,255138.52666666667
0.0,0.0
223717.0,223716.45333333334
0.0,0.0
0.0,0.0
0.0,0.0
331364.0,331365.44
0.0,0.0
345590.0,345590.11333333334
320017.0,320017.8333333333
289133.0,289134.55333333334
232548.0,232549.16
0.0,0.0
0.0,0.0
0.0,0.0
322268.0,322269.0933333333
0.0,0.0
0.0,0.0
0.0,0.0
346241.0,346240.55333333334
0.0,0.0
0.0,0.0
303744.0,303745.4533333333
233361.0,233362.72666666665
331485.0,331484.35333333333
0.0,0.0
0.0,0.0
347060.0,347061.1066666667
0.0,0.0
0.0,0.0
0.0,0.0
0.0,0.0
331298.0,331297.7266666667
0.0,0.0
0.0,0.0
0.0,0.0
347247.0,347248.9266666667
0.0,0.0
344775.0,344774.38666666666
0.0,0.0
332961.0,332961.9533333333
0.0,0.0
301700.0,301701.37333333335
0.0,0.0
273699.0,273695.18
233527.0,233527.6
0.0,0.0
0.0,0.0
251919.0,251917.2
302334.0,302346.38666666666
0.0,0.0
0.0,0.0
289375.0,289375.2866666667
0.0,0.0
267885.0,267651.72
0.0,0.0
0.0,0.0
256469.0,256468.16
0.0,0.0
0.0,0.0
0.0,0.0
0.0,0.0
0.0,0.0
0.0,0.0
233853.0,233856.05333333334
0.0,0.0
0.0,0.0
254340.0,254338.94666666666
0.0,0.0
0.0,0.0
0.0,0.0
346443.0,346444.16
0.0,0.0
279648.0,277259.78
0.0,0.0
232925.0,232923.59333333332
0.0,0.0
252739.0,252738.58
347071.0,347071.2266666667
0.0,0.0
234214.0,234213.66
0.0,0.0
302856.0,302855.41333333333
0.0,0.0
0.0,0.0
0.0,0.0
224032.0,224030.34
0.0,0.0
0.0,0.0
0.0,0.0
347451.0,347453.20666666667
305183.0,305183.18666666665
0.0,0.0
272245.0,272243.8933333333
0.0,0.0
0.0,0.0
0.0,0.0
0.0,0.0
0.0,0.0
0.0,0.0
333797.0,333786.69333333336
223450.0,223448.51333333334
219231.0,219228.68
289136.0,289136.14
223363.0,223357.49333333335
346719.0,346717.72
288981.0,288980.0133333333
0.0,0.0
0.0,0.0
0.0,0.0
0.0,0.0
0.0,0.0
0.0,0.0
288981.0,288980.2266666667
345641.0,345656.35333333333
348829.0,348828.14
0.0,0.0
347504.0,347503.6
0.0,0.0
0.0,0.0
0.0,0.0
223264.0,223263.11333333334
0.0,0.0
0.0,0.0
0.0,0.0
0.0,0.0
0.0,0.0
0.0,0.0
0.0,0.0
0.0,0.0
0.0,0.0
0.0,0.0
0.0,0.0
0.0,0.0
332221.0,332124.20666666667
273016.0,273016.6666666667
0.0,0.0
0.0,0.0
346321.0,346304.8466666667
346146.0,346143.0
0.0,0.0
0.0,0.0
0.0,0.0
0.0,0.0
0.0,0.0
0.0,0.0
0.0,0.0
0.0,0.0
0.0,0.0
252312.0,252313.44
0.0,0.0
0.0,0.0
0.0,0.0
0.0,0.0
0.0,0.0
0.0,0.0
224810.0,224810.8
305497.0,305497.35333333333
0.0,0.0
0.0,0.0
253391.0,253390.08666666667
0.0,0.0
0.0,0.0
0.0,0.0
0.0,0.0
346996.0,346996.08
0.0,0.0
253383.0,253384.08666666667
0.0,0.0
253422.0,253414.88666666666
302603.0,302601.35333333333
331601.0,331596.5266666667
0.0,0.0
0.0,0.0
0.0,0.0
0.0,0.0
331163.0,331163.42
303074.0,303073.58666666667
0.0,0.0
0.0,0.0
0.0,0.0
0.0,0.0
0.0,0.0
303183.0,303177.2
0.0,0.0
318803.0,318803.2733333333
0.0,0.0
0.0,0.0
274705.0,274705.88
0.0,0.0
0.0,0.0
346955.0,346955.7
0.0,0.0
286290.0,286289.98
0.0,0.0
232694.0,232693.90666666668
272193.0,272192.5466666667
302932.0,302931.11333333334
286577.0,286576.26
0.0,0.0
0.0,0.0
0.0,0.0
0.0,0.0
0.0,0.0
0.0,0.0
0.0,0.0
232676.0,232676.12
251945.0,251943.93333333332
0.0,0.0
0.0,0.0
286132.0,286139.6666666667
0.0,0.0
0.0,0.0
0.0,0.0
272133.0,272130.06666666665
0.0,0.0
0.0,0.0
0.0,0.0
233705.0,233705.45333333334
224083.0,224082.84666666668
0.0,0.0
0.0,0.0
0.0,0.0
223218.0,223219.22
0.0,0.0
344748.0,344746.92
330888.0,330880.7
224032.0,224030.34
254343.0,254340.05333333334
0.0,0.0
0.0,0.0
0.0,0.0
0.0,0.0
0.0,0.0
0.0,0.0
0.0,0.0
0.0,0.0
0.0,0.0
273522.0,273523.31333333335
0.0,0.0
0.0,0.0
0.0,0.0
333142.0,333143.2866666667
0.0,0.0
0.0,0.0
0.0,0.0
0.0,0.0
233201.0,233200.52666666667
0.0,0.0
224043.0,224042.34
0.0,0.0
224399.0,224397.73333333334
0.0,0.0
224019.0,224017.42666666667
251780.0,251780.58666666667
253024.0,253026.12666666668
0.0,0.0
234099.0,234100.07333333333
243946.0,243942.1
346837.0,346835.5733333333
233480.0,233478.03333333333
0.0,0.0
319749.0,319748.44666666666
319040.0,319040.92
0.0,0.0
232625.0,232625.98666666666
0.0,0.0
0.0,0.0
0.0,0.0
0.0,0.0
289198.0,289195.5733333333
0.0,0.0
286169.0,286170.19333333336
0.0,0.0
0.0,0.0
331192.0,331190.6533333333
303718.0,303712.18
0.0,0.0
272109.0,272108.6533333333
0.0,0.0
286593.0,286592.12
0.0,0.0
0.0,0.0
0.0,0.0
345086.0,345087.28
0.0,0.0
0.0,0.0
305249.0,305248.79333333333
272923.0,272923.8
0.0,0.0
0.0,0.0
0.0,0.0
0.0,0.0
0.0,0.0
303208.0,303207.5933333333
0.0,0.0
0.0,0.0
0.0,0.0
346484.0,346487.50666666665
0.0,0.0
0.0,0.0
233501.0,233500.52
0.0,0.0
0.0,0.0
0.0,0.0
224359.0,224359.54666666666
0.0,0.0
0.0,0.0
0.0,0.0
0.0,0.0
0.0,0.0
0.0,0.0
0.0,0.0
0.0,0.0
319413.0,319402.3333333333
0.0,0.0
0.0,0.0
0.0,0.0
255059.0,255059.18666666668
224046.0,224046.2
0.0,0.0
0.0,0.0
0.0,0.0
273525.0,273521.67333333334
0.0,0.0
0.0,0.0
0.0,0.0
0.0,0.0
241903.0,241901.1
287246.0,287240.24
0.0,0.0
0.0,0.0
0.0,0.0
348050.0,348050.4533333333
0.0,0.0
0.0,0.0
0.0,0.0
0.0,0.0
274098.0,274098.46
0.0,0.0
223907.0,223908.96666666667
0.0,0.0
0.0,0.0
0.0,0.0
0.0,0.0
0.0,0.0
0.0,0.0
330942.0,330941.26666666666
0.0,0.0
244485.0,244485.38666666666
0.0,0.0
0.0,0.0
251828.0,251827.60666666666
0.0,0.0
345436.0,345436.5266666667
0.0,0.0
0.0,0.0
348678.0,348677.1666666667
0.0,0.0
252007.0,252007.03333333333
0.0,0.0
0.0,0.0
0.0,0.0
255423.0,255423.1
272395.0,272393.5333333333
0.0,0.0
0.0,0.0
0.0,0.0
318705.0,318704.92
0.0,0.0
0.0,0.0
0.0,0.0
0.0,0.0
0.0,0.0
0.0,0.0
286544.0,286545.67333333334
251714.0,251715.61333333334
224685.0,224684.17333333334
0.0,0.0
0.0,0.0
251653.0,251652.08
0.0,0.0
0.0,0.0
331510.0,331513.36666666664
359875.0,359874.5133333333
0.0,0.0
0.0,0.0
0.0,0.0
0.0,0.0
0.0,0.0
232682.0,232682.34
0.0,0.0
0.0,0.0
0.0,0.0
0.0,0.0
346070.0,346067.94
319436.0,319429.42
224250.0,224250.09333333332
224100.0,224099.15333333332
0.0,0.0
274509.0,274509.1533333333
318711.0,318709.88666666666
0.0,0.0
0.0,0.0
0.0,0.0
0.0,0.0
224206.0,224205.97333333333
0.0,0.0
0.0,0.0
303056.0,303055.1
272859.0,272846.79333333333
347235.0,347235.5733333333
0.0,0.0
0.0,0.0
0.0,0.0
0.0,0.0
346026.0,346025.73333333334
0.0,0.0
0.0,0.0
0.0,0.0
0.0,0.0
251697.0,251694.09333333332
347786.0,347785.7133333333
0.0,0.0
0.0,0.0
0.0,0.0
233859.0,233856.17333333334
0.0,0.0
0.0,0.0
332887.0,332885.62666666665
274608.0,274602.2266666667
273970.0,273967.3933333333
0.0,0.0
0.0,0.0
345508.0,345508.2733333333
0.0,0.0
0.0,0.0
0.0,0.0
0.0,0.0
0.0,0.0
0.0,0.0
286791.0,286791.14
253737.0,253735.74666666667
0.0,0.0
223403.0,223402.42666666667
303841.0,303836.84
0.0,0.0
224728.0,224727.93333333332
302066.0,302065.74666666664
223222.0,223221.84666666668
0.0,0.0
303118.0,303118.0133333333
0.0,0.0
0.0,0.0
0.0,0.0
0.0,0.0
0.0,0.0
0.0,0.0
0.0,0.0
223632.0,223631.94
347207.0,347205.0733333333
274680.0,274679.84
0.0,0.0
319453.0,319456.9266666667
0.0,0.0
333821.0,333821.76
0.0,0.0
0.0,0.0
0.0,0.0
0.0,0.0
302648.0,302647.2733333333
253861.0,253857.31333333332
0.0,0.0
0.0,0.0
0.0,0.0
0.0,0.0
0.0,0.0
0.0,0.0
0.0,0.0
0.0,0.0
286188.0,286189.87333333335
0.0,0.0
0.0,0.0
318755.0,318753.02
0.0,0.0
251899.0,251898.5
286625.0,286628.26666666666
256561.0,256560.63333333333
275149.0,275151.13333333336
0.0,0.0
0.0,0.0
0.0,0.0
0.0,0.0
223393.0,223392.75333333333
223830.0,223829.73333333334
0.0,0.0
0.0,0.0
0.0,0.0
303119.0,303120.2866666667
224481.0,224482.36
0.0,0.0
0.0,0.0
0.0,0.0
0.0,0.0
0.0,0.0
0.0,0.0
288776.0,288776.14
0.0,0.0
0.0,0.0
331154.0,331154.5333333333
0.0,0.0
253989.0,253988.13333333333
0.0,0.0
286289.0,286289.9866666667
331039.0,331039.68
0.0,0.0
0.0,0.0
0.0,0.0
0.0,0.0
0.0,0.0
252510.0,252510.32
0.0,0.0
0.0,0.0
0.0,0.0
0.0,0.0
0.0,0.0
224360.0,224360.46
0.0,0.0
223676.0,223675.46666666667
0.0,0.0
0.0,0.0
233085.0,233080.75333333333
0.0,0.0
0.0,0.0
0.0,0.0
256876.0,256866.36
251938.0,251930.74666666667
0.0,0.0
289461.0,289458.13333333336
253713.0,253731.06666666668
0.0,0.0
348197.0,348197.17333333334
253743.0,253743.55333333334
0.0,0.0
0.0,0.0
0.0,0.0
0.0,0.0
0.0,0.0
0.0,0.0
224285.0,224285.02666666667
272436.0,272444.3333333333
252151.0,252149.98666666666
0.0,0.0
0.0,0.0
0.0,0.0
0.0,0.0
301410.0,301488.66
273008.0,273006.99333333335
304926.0,304925.05333333334
223575.0,223574.1
232471.0,232468.86
0.0,0.0
0.0,0.0
233801.0,233801.14666666667
0.0,0.0
274415.0,274415.74666666664
224686.0,224686.96
0.0,0.0
0.0,0.0
0.0,0.0
0.0,0.0
330978.0,330977.36666666664
347274.0,347275.9266666667
0.0,0.0
0.0,0.0
0.0,0.0
0.0,0.0
0.0,0.0
0.0,0.0
0.0,0.0
0.0,0.0
0.0,0.0
0.0,0.0
233428.0,233426.95333333334
0.0,0.0
255514.0,255513.00666666665
0.0,0.0
0.0,0.0
0.0,0.0
0.0,0.0
0.0,0.0
303435.0,303435.24
232796.0,232795.58
253036.0,253035.53333333333
252887.0,252881.14666666667
251805.0,251803.66
0.0,0.0
0.0,0.0
0.0,0.0
0.0,0.0
274277.0,274279.23333333334
0.0,0.0
0.0,0.0
232543.0,232541.78666666665
272966.0,272965.78
301786.0,301786.24666666664
345476.0,345477.0333333333
0.0,0.0
0.0,0.0
0.0,0.0
0.0,0.0
319114.0,319114.19333333336
0.0,0.0
0.0,0.0
0.0,0.0
302817.0,302817.9733333333
272243.0,272241.11333333334
233568.0,233569.08
0.0,0.0
0.0,0.0
0.0,0.0
319034.0,319034.22
0.0,0.0
0.0,0.0
223634.0,223633.33333333334
332001.0,332004.4266666667
255067.0,255038.10666666666
0.0,0.0
252711.0,252708.61333333334
303439.0,303437.38666666666
233075.0,233077.0
348749.0,348748.28
0.0,0.0
341867.0,341868.43333333335
0.0,0.0
0.0,0.0
255147.0,255147.02666666667
0.0,0.0
0.0,0.0
0.0,0.0
0.0,0.0
224154.0,224153.68666666668
0.0,0.0
252104.0,252109.67333333334
0.0,0.0
0.0,0.0
0.0,0.0
0.0,0.0
0.0,0.0
0.0,0.0
224208.0,224208.07333333333
0.0,0.0
331082.0,331080.08
333031.0,333028.9066666667
333161.0,333162.42
272956.0,272956.06
223323.0,223321.27333333335
0.0,0.0
0.0,0.0
223508.0,223507.99333333335
251817.0,251816.81333333332
0.0,0.0
223398.0,223397.88
273403.0,273403.25333333336
346766.0,346762.9666666667
0.0,0.0
224623.0,224623.38666666666
0.0,0.0
233329.0,233327.95333333334
251792.0,251791.20666666667
0.0,0.0
345652.0,345650.31333333335
272539.0,272539.1
0.0,0.0
0.0,0.0
333562.0,333555.9733333333
0.0,0.0
253033.0,253032.82666666666
0.0,0.0
0.0,0.0
232725.0,232725.65333333332
233455.0,233454.8
0.0,0.0
0.0,0.0
0.0,0.0
0.0,0.0
0.0,0.0
0.0,0.0
273787.0,273786.36666666664
233646.0,233645.56
224299.0,224300.55333333334
346119.0,346118.12
0.0,0.0
0.0,0.0
234030.0,234028.5
0.0,0.0
302635.0,302635.1533333333
0.0,0.0
304304.0,304303.55333333334
223383.0,223383.88
0.0,0.0
0.0,0.0
0.0,0.0
233776.0,233784.65333333332
0.0,0.0
0.0,0.0
241750.0,241750.7
0.0,0.0
0.0,0.0
0.0,0.0
0.0,0.0
241987.0,241989.27333333335
0.0,0.0
349695.0,349694.44666666666
346997.0,346996.79333333333
0.0,0.0
275114.0,275113.84
0.0,0.0
345449.0,345449.0466666667
0.0,0.0
347503.0,347501.7
244035.0,244028.28666666665
0.0,0.0
233569.0,233569.22666666665
253025.0,253026.12666666668
0.0,0.0
0.0,0.0
272301.0,272300.4533333333
303432.0,303431.86666666664
345682.0,345682.72
0.0,0.0
0.0,0.0
0.0,0.0
251922.0,251914.91333333333
286553.0,286551.58666666667
345697.0,345696.64
0.0,0.0
0.0,0.0
0.0,0.0
233359.0,233355.56666666668
0.0,0.0
0.0,0.0
330942.0,330941.26666666666
0.0,0.0
0.0,0.0
303899.0,303898.74666666664
0.0,0.0
274726.0,274723.5466666667
223833.0,223833.06
0.0,0.0
255422.0,255423.1
0.0,0.0
223969.0,223970.06
347910.0,347909.88
273035.0,273034.1066666667
0.0,0.0
224387.0,224387.12666666668
0.0,0.0
252680.0,252680.9
223557.0,223556.38666666666
331266.0,331265.52
0.0,0.0
303276.0,303274.0466666667
0.0,0.0
233439.0,233438.03333333333
0.0,0.0
359902.0,359901.06666666665
0.0,0.0
347236.0,347235.8
0.0,0.0
0.0,0.0
0.0,0.0
0.0,0.0
232990.0,232988.84
346387.0,346385.05333333334
0.0,0.0
0.0,0.0
0.0,0.0
0.0,0.0
0.0,0.0
0.0,0.0
0.0,0.0
232869.0,232869.03333333333
0.0,0.0
0.0,0.0
0.0,0.0
243989.0,243988.24
274906.0,274905.4066666667
0.0,0.0
232671.0,232670.93333333332
252711.0,252708.78666666665
0.0,0.0
276023.0,275980.16
345934.0,345931.13333333336
303016.0,303014.75333333336
347043.0,347040.78
0.0,0.0
0.0,0.0
305448.0,305442.9
0.0,0.0
0.0,0.0
0.0,0.0
0.0,0.0
347301.0,347300.29333333333
0.0,0.0
0.0,0.0
0.0,0.0
319378.0,319378.44
0.0,0.0
274434.0,274434.44666666666
0.0,0.0
0.0,0.0
0.0,0.0
344954.0,344951.4866666667
346383.0,346376.04
0.0,0.0
0.0,0.0
0.0,0.0
224487.0,224485.54666666666
331447.0,331445.41333333333
0.0,0.0
253088.0,253094.98666666666
0.0,0.0
302799.0,302799.76
0.0,0.0
303211.0,303210.64666666667
0.0,0.0
0.0,0.0
0.0,0.0
223356.0,223355.06
0.0,0.0
0.0,0.0
0.0,0.0
0.0,0.0
0.0,0.0
232607.0,232606.30666666667
0.0,0.0
0.0,0.0
274866.0,274863.0733333333
0.0,0.0
0.0,0.0
223858.0,223861.29333333333
0.0,0.0
224783.0,224782.10666666666
331374.0,331370.67333333334
286295.0,286293.34
0.0,0.0
0.0,0.0
331403.0,331402.5466666667
0.0,0.0
0.0,0.0
0.0,0.0
272061.0,272059.9266666667
303566.0,303565.96
271935.0,271945.55333333334
233427.0,233425.8
0.0,0.0
0.0,0.0
0.0,0.0
0.0,0.0
242221.0,242219.25333333333
224549.0,224554.74
0.0,0.0
0.0,0.0
0.0,0.0
0.0,0.0
331207.0,331204.26666666666
0.0,0.0
252128.0,252127.88666666666
331514.0,331513.81333333335
0.0,0.0
241929.0,241932.42666666667
274259.0,274251.64
273261.0,273260.2866666667
348635.0,348634.5933333333
0.0,0.0
347071.0,347071.2266666667
0.0,0.0
0.0,0.0
242728.0,242702.79333333333
224481.0,224482.36
0.0,0.0
0.0,0.0
219326.0,219329.88
232786.0,232787.74666666667
0.0,0.0
0.0,0.0
286219.0,286222.91333333333
0.0,0.0
223314.0,223312.66666666666
0.0,0.0
347578.0,347574.68666666665
272800.0,272797.49333333335
0.0,0.0
0.0,0.0
273956.0,273956.31333333335
0.0,0.0
0.0,0.0
0.0,0.0
0.0,0.0
272494.0,272496.9866666667
0.0,0.0
232469.0,232468.19333333333
0.0,0.0
0.0,0.0
0.0,0.0
0.0,0.0
0.0,0.0
232927.0,232926.64666666667
0.0,0.0
0.0,0.0
0.0,0.0
0.0,0.0
0.0,0.0
0.0,0.0
319594.0,319593.36
0.0,0.0
256606.0,256606.27333333335
0.0,0.0
223393.0,223393.13333333333
255139.0,255139.12
0.0,0.0
0.0,0.0
0.0,0.0
0.0,0.0
273945.0,273948.56
347560.0,347560.78
305493.0,305496.67333333334
303015.0,303014.2133333333
361825.0,361824.72
319033.0,319033.7
318737.0,318736.43333333335
252156.0,252160.04666666666
0.0,0.0
303585.0,303579.69333333336
0.0,0.0
0.0,0.0
256638.0,256639.10666666666
0.0,0.0
0.0,0.0
347179.0,347176.74666666664
0.0,0.0
0.0,0.0
223512.0,223512.19333333333
0.0,0.0
0.0,0.0
0.0,0.0
0.0,0.0
0.0,0.0
0.0,0.0
273953.0,273953.81333333335
233987.0,233991.11333333334
0.0,0.0
0.0,0.0
253457.0,253454.75333333333
272068.0,272068.9666666667
0.0,0.0
345294.0,345293.17333333334
233013.0,233006.68
0.0,0.0
0.0,0.0
0.0,0.0
0.0,0.0
0.0,0.0
322239.0,322236.46
346958.0,346958.9
347206.0,347204.80666666664
0.0,0.0
224493.0,224492.04
0.0,0.0
0.0,0.0
0.0,0.0
232654.0,232655.63333333333
0.0,0.0
256880.0,256886.04
251983.0,251979.77333333335
0.0,0.0
305222.0,305219.92
0.0,0.0
302899.0,302897.5266666667
0.0,0.0
0.0,0.0
348190.0,348189.88
251796.0,251794.42
0.0,0.0
359922.0,359919.5466666667
0.0,0.0
273606.0,273606.14
0.0,0.0
344796.0,344793.99333333335
0.0,0.0
0.0,0.0
0.0,0.0
348727.0,348728.91333333333
347834.0,347836.18
0.0,0.0
0.0,0.0
0.0,0.0
274696.0,274695.58
0.0,0.0
0.0,0.0
286403.0,286402.6066666667
0.0,0.0
272896.0,272897.36666666664
0.0,0.0
0.0,0.0
0.0,0.0
251989.0,251989.46666666667
289005.0,289004.9266666667
346787.0,346782.7866666667
359989.0,359985.58
285929.0,285921.61333333334
194052.0,194860.62666666668
0.0,0.0
0.0,0.0
0.0,0.0
0.0,0.0
302594.0,302594.32
253126.0,253125.88666666666
233804.0,233801.34
0.0,0.0
0.0,0.0
0.0,0.0
348203.0,348203.81333333335
0.0,0.0
0.0,0.0
0.0,0.0
223861.0,223861.36
0.0,0.0
318865.0,318863.4
0.0,0.0
0.0,0.0
233879.0,233878.33333333334
0.0,0.0
0.0,0.0
252882.0,252880.39333333334
0.0,0.0
0.0,0.0
0.0,0.0
223209.0,223211.19333333333
0.0,0.0
0.0,0.0
0.0,0.0
219267.0,219268.41333333333
0.0,0.0
0.0,0.0
0.0,0.0
0.0,0.0
345390.0,345383.58
0.0,0.0
224084.0,224082.78
289393.0,289390.4533333333
253016.0,253014.64
256624.0,256629.23333333334
359988.0,359986.08
251942.0,251943.22
0.0,0.0
0.0,0.0
0.0,0.0
0.0,0.0
286187.0,286186.58
0.0,0.0
0.0,0.0
272533.0,272534.43333333335
0.0,0.0
272267.0,272263.5466666667
0.0,0.0
0.0,0.0
0.0,0.0
256661.0,256661.57333333333
0.0,0.0
219272.0,219271.49333333335
0.0,0.0
0.0,0.0
275096.0,275094.23333333334
0.0,0.0
0.0,0.0
273750.0,273749.8466666667
252715.0,252714.78666666665
0.0,0.0
255158.0,255157.62666666668
0.0,0.0
301908.0,301906.24666666664
0.0,0.0
273713.0,273710.99333333335
0.0,0.0
318982.0,318982.29333333333
0.0,0.0
273157.0,273155.7266666667
0.0,0.0
253757.0,253755.24666666667
0.0,0.0
0.0,0.0
0.0,0.0
0.0,0.0
286663.0,286663.08666666667
0.0,0.0
0.0,0.0
0.0,0.0
0.0,0.0
347531.0,347538.41333333333
0.0,0.0
332218.0,332178.68
0.0,0.0
347467.0,347466.5133333333
0.0,0.0
223846.0,223844.82
345148.0,345150.96
0.0,0.0
0.0,0.0
0.0,0.0
318850.0,318850.5466666667
0.0,0.0
348054.0,348055.58
347150.0,347145.79333333333
0.0,0.0
0.0,0.0
318999.0,318999.02
0.0,0.0
274160.0,274158.54
0.0,0.0
0.0,0.0
0.0,0.0
0.0,0.0
0.0,0.0
0.0,0.0
0.0,0.0
288814.0,288826.69333333336
0.0,0.0
0.0,0.0
302592.0,302593.0
0.0,0.0
0.0,0.0
273871.0,273870.70666666667
0.0,0.0
0.0,0.0
0.0,0.0
345656.0,345656.61333333334
0.0,0.0
232533.0,232534.08666666667
289169.0,289167.7266666667
289469.0,289470.73333333334
0.0,0.0
0.0,0.0
302982.0,302982.44666666666
0.0,0.0
331385.0,331385.23333333334
302565.0,302563.54
0.0,0.0
0.0,0.0
0.0,0.0
0.0,0.0
0.0,0.0
286651.0,286651.1533333333
272419.0,272417.94
0.0,0.0
304447.0,304445.43333333335
0.0,0.0
0.0,0.0
275870.0,275870.5466666667
0.0,0.0
0.0,0.0
0.0,0.0
0.0,0.0
0.0,0.0
0.0,0.0
224226.0,224226.92666666667
0.0,0.0
252876.0,252875.26666666666
301779.0,301776.06666666665
233717.0,233715.51333333334
0.0,0.0
0.0,0.0
288999.0,289001.49333333335
348796.0,348784.81333333335
0.0,0.0
0.0,0.0
0.0,0.0
224503.0,224502.81333333332
0.0,0.0
0.0,0.0
0.0,0.0
0.0,0.0
287279.0,287250.0733333333
0.0,0.0
0.0,0.0
0.0,0.0
273784.0,273783.3333333333
0.0,0.0
319549.0,319545.68
0.0,0.0
0.0,0.0
304199.0,304168.19333333336
0.0,0.0
0.0,0.0
0.0,0.0
318899.0,318899.32666666666
242716.0,242699.05333333334
0.0,0.0
223752.0,223751.83333333334
0.0,0.0
319529.0,319537.56666666665
0.0,0.0
0.0,0.0
232470.0,232468.92
0.0,0.0
305470.0,305471.28
0.0,0.0
0.0,0.0
0.0,0.0
0.0,0.0
0.0,0.0
0.0,0.0
0.0,0.0
0.0,0.0
0.0,0.0
0.0,0.0
0.0,0.0
0.0,0.0
301986.0,301985.58
273213.0,273213.11333333334
223312.0,223312.1
0.0,0.0
0.0,0.0
347895.0,347898.0733333333
0.0,0.0
252110.0,252110.16666666666
318831.0,318830.6533333333
301874.0,301874.64666666667
0.0,0.0
233011.0,233005.84666666668
241938.0,241939.37333333332
333767.0,333765.5133333333
0.0,0.0
256841.0,256841.91333333333
0.0,0.0
0.0,0.0
346356.0,346354.24666666664
0.0,0.0
256896.0,256894.8
0.0,0.0
275950.0,275941.08666666667
0.0,0.0
301992.0,301992.94666666666
346224.0,346223.4266666667
273684.0,273684.9666666667
0.0,0.0
253724.0,253724.57333333333
0.0,0.0
0.0,0.0
223734.0,223733.45333333334
0.0,0.0
0.0,0.0
251496.0,251497.60666666666
0.0,0.0
0.0,0.0
0.0,0.0
223755.0,223754.59333333332
289057.0,289057.68666666665
333173.0,333167.61333333334
224401.0,224401.56
274432.0,274431.76666666666
331668.0,331667.70666666667
273357.0,273354.68
0.0,0.0
303149.0,303146.23333333334
302943.0,302943.04
224019.0,224017.42666666667
286184.0,286184.30666666664
333923.0,333916.26666666666
256756.0,256755.08
0.0,0.0
0.0,0.0
232971.0,232970.65333333332
304314.0,304323.85333333333
232953.0,232954.09333333332
0.0,0.0
289001.0,289001.49333333335
0.0,0.0
349249.0,349287.0933333333
286187.0,286186.58
347395.0,347396.58666666667
223517.0,223516.90666666668
233278.0,233276.08666666667
303030.0,303029.2133333333
0.0,0.0
347251.0,347250.7866666667
0.0,0.0
0.0,0.0
274495.0,274498.13333333336
0.0,0.0
0.0,0.0
344826.0,344823.58666666667
0.0,0.0
302904.0,302904.8333333333
0.0,0.0
346521.0,346520.62
348828.0,348828.0933333333
0.0,0.0
256309.0,256299.13333333333
0.0,0.0
0.0,0.0
274084.0,274082.6666666667
0.0,0.0
0.0,0.0
0.0,0.0
233845.0,233852.77333333335
0.0,0.0
0.0,0.0
0.0,0.0
252117.0,252115.67333333334
0.0,0.0
0.0,0.0
0.0,0.0
0.0,0.0
0.0,0.0
0.0,0.0
0.0,0.0
253024.0,253026.12666666668
0.0,0.0
0.0,0.0
0.0,0.0
244308.0,244318.32666666666
0.0,0.0
0.0,0.0
0.0,0.0
253008.0,253010.16666666666
0.0,0.0
303061.0,303059.41333333333
0.0,0.0
274139.0,274137.37333333335
0.0,0.0
0.0,0.0
244362.0,244362.26
0.0,0.0
0.0,0.0
0.0,0.0
253793.0,253794.22
348642.0,348642.64
273004.0,273003.50666666665
224055.0,224055.17333333334
224212.0,224212.15333333332
0.0,0.0
0.0,0.0
274709.0,274690.44
0.0,0.0
0.0,0.0
0.0,0.0
233499.0,233501.18666666668
233451.0,233453.66666666666
305414.0,305413.13333333336
252184.0,252178.40666666668
346506.0,346507.08666666667
286132.0,286131.46
347137.0,347136.68
286725.0,286726.04
0.0,0.0
0.0,0.0
274101.0,274100.4733333333
0.0,0.0
303073.0,303055.12
0.0,0.0
232580.0,232578.28
286495.0,286493.4266666667
0.0,0.0
322119.0,322111.96
0.0,0.0
0.0,0.0
345730.0,345728.73333333334
0.0,0.0
288930.0,288928.82
0.0,0.0
233012.0,233004.21333333335
0.0,0.0
0.0,0.0
0.0,0.0
286414.0,286413.82
333150.0,333148.5466666667
0.0,0.0
345453.0,345452.4866666667
224333.0,224332.63333333333
0.0,0.0
0.0,0.0
0.0,0.0
0.0,0.0
0.0,0.0
288823.0,288827.2866666667
224044.0,224042.52
0.0,0.0
348757.0,348755.56
0.0,0.0
0.0,0.0
0.0,0.0
232843.0,232843.93333333332
0.0,0.0
0.0,0.0
0.0,0.0
347202.0,347202.24
255067.0,255066.85333333333
301855.0,301850.06
0.0,0.0
0.0,0.0
0.0,0.0
0.0,0.0
0.0,0.0
0.0,0.0
0.0,0.0
0.0,0.0
302008.0,302006.76
289780.0,289797.63333333336
272094.0,272093.30666666664
0.0,0.0
0.0,0.0
0.0,0.0
348765.0,348765.04
318753.0,318753.5
223270.0,223268.05333333334
0.0,0.0
223459.0,223458.96666666667
322187.0,322186.98
345799.0,345799.16
272225.0,272225.56
273509.0,273499.79333333333
0.0,0.0
0.0,0.0
289237.0,289239.04
233705.0,233705.45333333334
301999.0,302000.25333333336
0.0,0.0
251786.0,251785.30666666667
0.0,0.0
0.0,0.0
256817.0,256816.74
0.0,0.0
0.0,0.0
0.0,0.0
0.0,0.0
332919.0,332916.24
233101.0,233101.72
252419.0,252417.09333333332
223268.0,223267.37333333332
0.0,0.0
0.0,0.0
253401.0,253400.30666666667
304221.0,304222.12666666665
0.0,0.0
0.0,0.0
0.0,0.0
251980.0,251979.10666666666
333136.0,333134.8933333333
0.0,0.0
287163.0,287163.3466666667
0.0,0.0
349648.0,349647.91333333333
234026.0,234025.98666666666
0.0,0.0
0.0,0.0
347053.0,347056.84
0.0,0.0
303033.0,303032.74666666664
0.0,0.0
0.0,0.0
0.0,0.0
219266.0,219268.78
0.0,0.0
223528.0,223527.80666666667
223768.0,223764.24666666667
0.0,0.0
0.0,0.0
0.0,0.0
223784.0,223783.93333333332
0.0,0.0
0.0,0.0
0.0,0.0
0.0,0.0
0.0,0.0
224119.0,224118.75333333333
0.0,0.0
0.0,0.0
333063.0,333062.98
0.0,0.0
0.0,0.0
252227.0,252226.28666666665
286561.0,286560.35333333333
0.0,0.0
223872.0,223870.76666666666
0.0,0.0
233485.0,233487.78666666665
303583.0,303579.88
0.0,0.0
0.0,0.0
252416.0,252417.05333333334
348259.0,348255.0333333333
0.0,0.0
331177.0,331176.2133333333
223438.0,223436.89333333334
0.0,0.0
0.0,0.0
252346.0,252346.18
224046.0,224045.4
286143.0,286127.92
0.0,0.0
0.0,0.0
0.0,0.0
345894.0,345896.28
273121.0,273120.63333333336
224730.0,224729.6
0.0,0.0
219249.0,219246.60666666666
0.0,0.0
319197.0,319191.9533333333
0.0,0.0
345101.0,345102.2733333333
349059.0,349060.82
0.0,0.0
0.0,0.0
302649.0,302649.08666666667
0.0,0.0
0.0,0.0
0.0,0.0
0.0,0.0
289155.0,289157.62666666665
0.0,0.0
0.0,0.0
252672.0,252672.87333333332
0.0,0.0
361811.0,361811.4666666667
0.0,0.0
345133.0,345132.32
330938.0,330937.78
224156.0,224154.58
0.0,0.0
0.0,0.0
0.0,0.0
0.0,0.0
274875.0,274871.3333333333
345662.0,345661.5333333333
0.0,0.0
0.0,0.0
253249.0,253251.36
331304.0,331303.38
0.0,0.0
0.0,0.0
0.0,0.0
233334.0,233325.1
332967.0,332961.9533333333
319842.0,319833.18666666665
0.0,0.0
0.0,0.0
0.0,0.0
0.0,0.0
0.0,0.0
232486.0,232487.54
0.0,0.0
232445.0,232443.66
0.0,0.0
0.0,0.0
0.0,0.0
0.0,0.0
0.0,0.0
232722.0,232722.25333333333
286768.0,286771.8333333333
232896.0,232893.64
0.0,0.0
0.0,0.0
0.0,0.0
274472.0,274472.99333333335
253402.0,253402.58
0.0,0.0
0.0,0.0
271677.0,271686.0933333333
289542.0,289538.48
0.0,0.0
252703.0,252704.73333333334
0.0,0.0
302893.0,302889.9066666667
272249.0,272248.84
273741.0,273741.12666666665
0.0,0.0
0.0,0.0
347219.0,347218.22
223621.0,223622.12666666668
0.0,0.0
255438.0,255436.0
0.0,0.0
0.0,0.0
345760.0,345759.4733333333
0.0,0.0
319564.0,319572.62666666665
302842.0,302839.11333333334
347484.0,347481.44
0.0,0.0
233234.0,233233.89333333334
0.0,0.0
319794.0,319806.8933333333
0.0,0.0
0.0,0.0
0.0,0.0
346467.0,346467.1066666667
0.0,0.0
223353.0,223352.52
272196.0,272196.54
224120.0,224119.32666666666
333111.0,333112.9533333333
0.0,0.0
331358.0,331358.56666666665
255023.0,255022.76666666666
0.0,0.0
0.0,0.0
0.0,0.0
232697.0,232698.19333333333
232636.0,232636.49333333335
0.0,0.0
0.0,0.0
286170.0,286170.28
0.0,0.0
272253.0,272253.7266666667
272489.0,272488.94666666666
232613.0,232610.78666666665
0.0,0.0
0.0,0.0
302855.0,302854.79333333333
0.0,0.0
0.0,0.0
286394.0,286394.0333333333
0.0,0.0
0.0,0.0
344762.0,344761.58
0.0,0.0
0.0,0.0
305366.0,305368.6666666667
0.0,0.0
0.0,0.0
0.0,0.0
359856.0,359856.08666666667
0.0,0.0
0.0,0.0
252835.0,252834.92666666667
0.0,0.0
0.0,0.0
0.0,0.0
256606.0,256605.98
242009.0,242011.25333333333
0.0,0.0
331334.0,331333.6533333333
0.0,0.0
223912.0,223910.95333333334
0.0,0.0
0.0,0.0
289708.0,289709.69333333336
0.0,0.0
0.0,0.0
346846.0,346836.52
0.0,0.0
0.0,0.0
286580.0,286576.76
0.0,0.0
0.0,0.0
0.0,0.0
224858.0,224858.48666666666
286605.0,286603.82666666666
359956.0,359956.30666666664
303758.0,303757.69333333336
0.0,0.0
0.0,0.0
318967.0,318967.80666666664
0.0,0.0
252487.0,252486.73333333334
0.0,0.0
0.0,0.0
0.0,0.0
0.0,0.0
0.0,0.0
0.0,0.0
0.0,0.0
0.0,0.0
0.0,0.0
0.0,0.0
303119.0,303120.2866666667
0.0,0.0
0.0,0.0
0.0,0.0
0.0,0.0
0.0,0.0
324073.0,323772.99333333335
252018.0,252019.15333333332
233043.0,233042.48666666666
0.0,0.0
361829.0,361828.7266666667
0.0,0.0
331178.0,331176.5133333333
331534.0,331529.86666666664
255626.0,255631.6
0.0,0.0
303226.0,303225.54
0.0,0.0
0.0,0.0
241920.0,241910.32
251647.0,251647.65333333332
253923.0,253920.82
0.0,0.0
0.0,0.0
0.0,0.0
318807.0,318806.0933333333
273386.0,273387.54
303448.0,303447.7733333333
0.0,0.0
0.0,0.0
0.0,0.0
0.0,0.0
0.0,0.0
0.0,0.0
345696.0,345695.76
223923.0,223922.46
0.0,0.0
0.0,0.0
303466.0,303469.2866666667
257049.0,257063.62
0.0,0.0
224648.0,224635.68
0.0,0.0
302672.0,302672.7133333333
223867.0,223865.76
0.0,0.0
0.0,0.0
0.0,0.0
0.0,0.0
0.0,0.0
0.0,0.0
272955.0,272953.98
288698.0,288693.94
0.0,0.0
224190.0,224190.38666666666
0.0,0.0
232959.0,232959.24
0.0,0.0
0.0,0.0
0.0,0.0
0.0,0.0
0.0,0.0
0.0,0.0
0.0,0.0
319387.0,319386.88666666666
0.0,0.0
0.0,0.0
251669.0,251670.06
232684.0,232682.49333333335
0.0,0.0
0.0,0.0
0.0,0.0
0.0,0.0
331587.0,331588.1
0.0,0.0
0.0,0.0
345186.0,345189.8466666667
0.0,0.0
302788.0,302789.34
0.0,0.0
274426.0,274420.68666666665
252183.0,252178.68666666668
0.0,0.0
251590.0,251588.6
0.0,0.0
0.0,0.0
0.0,0.0
319312.0,319313.0333333333
0.0,0.0
0.0,0.0
301704.0,301700.82666666666
0.0,0.0
286704.0,286703.79333333333
0.0,0.0
359909.0,359910.2
0.0,0.0
224181.0,224175.07333333333
348669.0,348669.35333333333
0.0,0.0
232909.0,232907.78
272020.0,272022.67333333334
224267.0,224267.03333333333
0.0,0.0
0.0,0.0
0.0,0.0
347140.0,347141.69333333336
0.0,0.0
0.0,0.0
346694.0,346691.8
0.0,0.0
0.0,0.0
304017.0,304013.7
0.0,0.0
0.0,0.0
0.0,0.0
0.0,0.0
252706.0,252707.25333333333
0.0,0.0
0.0,0.0
0.0,0.0
348146.0,348160.38
0.0,0.0
348766.0,348765.9
0.0,0.0
0.0,0.0
302386.0,302384.88
348627.0,348628.7133333333
0.0,0.0
0.0,0.0
0.0,0.0
0.0,0.0
331189.0,331188.18666666665
0.0,0.0
0.0,0.0
0.0,0.0
0.0,0.0
0.0,0.0
288844.0,288843.0466666667
252017.0,252016.93333333332
0.0,0.0
0.0,0.0
242011.0,242012.14666666667
272280.0,272279.4866666667
223301.0,223299.31333333332
0.0,0.0
0.0,0.0
303544.0,303543.72
0.0,0.0
332071.0,332067.5933333333
319303.0,319302.7733333333
0.0,0.0
274064.0,274062.76
276018.0,275980.16
224946.0,224945.32666666666
252706.0,252707.00666666665
0.0,0.0
0.0,0.0
0.0,0.0
0.0,0.0
332054.0,332053.99333333335
0.0,0.0
251434.0,251444.34666666668
0.0,0.0
252494.0,252492.25333333333
0.0,0.0
224850.0,224845.97333333333
347574.0,347573.43333333335
0.0,0.0
0.0,0.0
251469.0,251473.71333333335
0.0,0.0
0.0,0.0
0.0,0.0
223840.0,223838.23333333334
322305.0,322298.4266666667
253861.0,253857.31333333332
331644.0,331644.6
0.0,0.0
232981.0,232983.42666666667
0.0,0.0
318693.0,318693.41333333333
303042.0,303041.42
0.0,0.0
0.0,0.0
223197.0,223210.73333333334
318735.0,318736.43333333335
331451.0,331449.30666666664
0.0,0.0
0.0,0.0
0.0,0.0
0.0,0.0
0.0,0.0
0.0,0.0
0.0,0.0
0.0,0.0
0.0,0.0
0.0,0.0
289267.0,289267.4733333333
0.0,0.0
319000.0,318999.99333333335
0.0,0.0
0.0,0.0
0.0,0.0
0.0,0.0
0.0,0.0
303788.0,303783.46
0.0,0.0
232960.0,232959.70666666667
274877.0,274873.14
0.0,0.0
301853.0,301850.06
346338.0,346341.16
272564.0,272563.88666666666
273519.0,273522.18666666665
0.0,0.0
286571.0,286571.26666666666
0.0,0.0
272916.0,272918.7733333333
0.0,0.0
0.0,0.0
0.0,0.0
289192.0,289193.0333333333
0.0,0.0
